date,clean_data
2022-04-05,bangga mahasiswa itb kalah ilmu ngembangin teknologi stealth mobil esemka remot langit generasi
2022-04-05,mahasiswa dongok kualitas mahasiswa
2022-04-05,biar mahasiswa gerak rakyat buruh stm satu baris goodbyejokowi goodbyejokowi
2022-04-05,temanpemilih sedulurkpubanyumas kpu banyumas layan informasi mahasiswa it telkom purwokerto kait tugas kuliah selasa kpubanyumas kpumelayani sedulurkpubanyumas pelayananppid
2022-04-05,bisaa nomor dm wa diskusi nego mahasiswa sasing semester testi
2022-04-05,mudah mudah presiden jeblos rusak reformasi oligarki cukong
2022-04-05,demi rumah ku tinggal rantau tagih juta ngambil mahasiswa ngontrak rmh samping bayar tagih segitu putus dah pankapan tempat pasang
2022-04-05,demo koq rusak mahasiswa koq preman
2022-04-05,aneh demo mahasiswa kemaren covid kawan kawan
2022-04-05,damai damai perintah senang donk bangkit gairah revolusi mahasiswa violence
2022-04-05,mahasiswa mahasewa
2022-04-05,dosen ngasih jatah cabut mahasiswa absensi aman bgt dosen beda
2022-04-05,mahasiswa beda sdh polusi kertas biru nasbung karet hijau
2022-04-05,seru aksi merespon naik harga bbm ppn isu tunda milu amp periode jokowi hidup mahasiswa
2022-04-05,knp risol mayo identik organisasi mahasiswa
2022-04-05,aku presiden nenek presiden wkwkwkwk kritik pimpin bijak you liat gimana keluh mahasiswa turun jalan buruh protes lahan warga serobot tambang ckck
2022-04-05,subuh ngakak allah ampun lu ssudah mahasiswa kaya gin lu ssudah gede percis bgt
2022-04-05,allah smg juang mahasiswa buruh tgl april hasil tumbang pimpin dzalim
2022-04-05,hujat mahasiswa demo cebong rusak indonesia dg langgar konstitusi dasar manusia serakah
2022-04-05,mahasiswa bela golong bapak sy golong tengah bawah tdk pertamax kendara kelas kuliahin anak kampus abal abal
2022-04-05,rizal ramli gera mahasiswa aksi demonstrasi nirkekerasan non violence revolusi damai
2022-04-05,tgl gabung mahasiswa lawan oligarki
2022-04-05,bukti lengkap kumpul elak gimana bukti big data dusta big dusta mahasiswa kepung tangkap
2022-04-05,kaya mahasiswa pd pakai mobil pakai pertamax jaman kuliah sy mas biz
2022-04-05,moga hasil juang guling rezim luknut zaman rasullulah suci ramadhan bs takluk kota mekah moga suci mahasiswa aliansi buruh aliansi masyarakat bs guling rezim amin amin amin
2022-04-05,oot neng deh ltmpt aktif tiktok calon mahasiswa ngerasa tenang jawab resmi
2022-04-05,nyali tunjuk bela palestina mahasiswa inggris kibar bendera palestina wisuda kelulus kota inggris manchester
2022-04-05,hadis hadis ramadan nabi dermawan murah ramadan sedia exco rohani pimpin satu mahasiswa lantan darul naim perdana ukm sesi universiti bangsa malaysia hadisramadan perdanaukm
2022-04-05,dar bem si elemen masyarakat rakyat indonesia wajib turun gabung adik mahasiswa lanjut reformasi jilid allahu akbar umur juang
2022-04-05,mahasiswa protes da solusi kelak percaya presiden wakil rakyat kerja nyinyir problem maker problem solver calon hancur netidakra bangsa
2022-04-05,tolong akun sebar hoax modus mahasiswa demo sikat nih min
2022-04-05,subsidi amp non subsidi mahasewa mahasiswa
2022-04-05,fix mahasiswa ikut aji bentuk hti kampus
2022-04-05,bisaa bait negoin dm wa mahasiswa sastra inggris semester ntidaksal grammar structurenya ntidakjar bimbel testi cek
2022-04-05,ceramah mahasiswa unhan megawati lembek
2022-04-05,dosen buat produk inovasi barang mahasiswa mikir jaman produk kemas bau agama munculah produk untung produk cepat
2022-04-05,mahasiswa kuliah kantin rg ukm main game online
2022-04-05,usd hmmm lembaga sejahtera mahasiswa koq daya
2022-04-05,cm nanya info lomba mahasiswa cek mana lomba kuliah ken nyoba butuh lomba esai tulis jelek gapapa terima
2022-04-05,mahasiswa ancam demo jokowi ngabalin nyindir logika online
2022-04-05,mahasiswa emang pakai pertamax
2022-04-05,ajar mahasiswa anggur hasil tambah cepat hub sms pin bab
2022-04-05,ajar mahasiswa anggur hasil tambah cepat hub sms pin by req
2022-04-05,ngabu burit april mahasiswa anak stm
2022-04-05,keluarga mahasiswa itb lg ngumpul dpr
2022-04-05,bravo mahasiswa
2022-04-05,semangart juang adik mahasiswa
2022-04-05,jln desa sumenep rusak parah mahasiswa demo pertamax
2022-04-05,mahasiswa bodoh manfaat cukong politik pilih isu demo salah he he malu demo bela milik mobil mewah tung lucuuuuuu
2022-04-05,istana nantang mahasiswa demo ya main adik adik
2022-04-05,mahasiswa bodoh demo bela bayar bela kaya bela beli pertamax bbm khan milik mobil mobil pakai pertamax sy butuh bela mahasiswa demo tolak pertamax pertamax tolak kendara pakai
2022-04-05,klaim mahasiswa demonstrasi tolak jabat presiden periode ancam drop out presiden jokowi dasar temu informasi resmi valid waspadaprovokasikadrun
2022-04-05,ngancam geruduk istana wakil mahasiswa indonesia mahasewa bodoh amp manja bisa demo negara gaduh akibat lembek kpd provokator waspadaprovokasikadrun
2022-04-05,ngehoax nama video demo mahasiswa tolak ruu kpk ruu kuhp yogya ehh video demo turun presiden liput media waspadaprovokasi
2022-04-05,kerja lapar ironis masiswa percaya ini adik adik mahasiswa ingat celaka manfaat sampah waspadaprovokasi
2022-04-05,salah rakyat mahasiswa aparat polisi
2022-04-05,mahasiswa usul kritik saran santun diskus asik bikin onar jalan
2022-04-05,polres pringsewu serah sangka barang bukti celaka tewas mahasiswa cantik nama angela yessa kecelakaanmaut
2022-04-05,lupa tugas utama mahasiswa bikin proposal siap sempro bikin gaker ta semangattt
2022-04-05,guru universitas tahan unhan megawati soekarnoputri bicara contoh kini kait geopolitik indonesia paham potensi potensi merahputihcom unhan megawatisoekarnoputri
2022-04-05,seng ngomong ngono ki yo turis mbi mahasiswa kota seng kuliah neng kene mbak
2022-04-05,mantap ayo adik stm gabung teman mahasiswa rakyat terdzolimi diktator kuasa stmmelawan mahasiswamelawan
2022-04-05,askrl nanya info lomba mahasiswa cek mana lomba kuliah ken nyoba butuh lomba esai tulis jelek gapapa terima
2022-04-05,simak daftar universitas baik dunia negara asia daftar sibuk demo lupa posisi prestasi mahasiswa savenkri
2022-04-05,mahasiswa otak rusak pakai uang netidakra somplak
2022-04-05,izin mahasiswa jatah absen
2022-04-05,nyata sakit mahasiswa bukti juang sejati bela benar adil
2022-04-05,mahasiswa kadrun waspadaprovokasikadrun
2022-04-05,sila larang larang negara demokrasi faldo
2022-04-05,lulus mahasiswa nilai uts uas tugas praktikum dekat dosen
2022-04-05,mahasiswa beda mahasiswa th cma butuh untung beli kuota
2022-04-05,mahasiswa berani tanda
2022-04-05,mahsiswa mahasiswa
2022-04-05,perintah licik pertalite langka bensin hilang coba jenis bbm perintah puji mahasiswa lempar istana bakar warung teriak revolusi blum derama nang nang kayak junjung
2022-04-05,wakil mahasiswa indonesia waspadaprovokasikadrun
2022-04-05,demo mahasiswa skr gampang hasut
2022-04-05,kakean nonton drama korea mahasiswa
2022-04-05,istana larang mahasiswa demo jokowi asal demo faldomaldini jokowi
2022-04-05,gw hidup mahasiswa hidup mahasiswa gua gatau anying abis lolos gw hrus
2022-04-05,hidup mahasiswa gengs
2022-04-05,sesuai konstitusi adik mahasiswa mahasiswi dipaksain goodbyejokowi
2022-04-05,ungkap klaus schwab wef boneka blkg klaus schwab wef diri cia klaus schwab sbg mahasiswa pd tahun rekrut henry kissinger cia pentol wef
2022-04-05,mahasiswa auto jdi
2022-04-05,mahasiswa anak gendong yaa anjingw piara
2022-04-05,mahasiswa bego pengembira bego pertamax golong tengah atas golong bawah pertamax subsidi perintah subsidi pertalite gitu koq nalar mahasiswa tumpul dasar generasi bego
2022-04-05,mahasiswa sanggung demo jilid
2022-04-05,mahasiswa bodong
2022-04-05,cinta pas tk ui doang ye mahasiswa tuh kek kece gitu pinter pinternya kek kece gw suka warna kung kampung almetnya kung
2022-04-05,parah mahasiswa waspadaprovokasi
2022-04-05,goodbyejokowi hidup mahasiswa tega demokrasi tumbang oligarki boikotaice tolakaicesponsorpialaduniaqatar
2022-04-05,respon mahasiswa milenial melempem tantang rezim
2022-04-05,billkin pp mahasiswa kutu
2022-04-05,sebatidaki mahasiswa fk pts cmn senyum liat ya apa fknya jutidak proses amp instan tidakmpang masuk keluar setentidakh mati ya
2022-04-05,bem indonesia panggil bem si ajak mahasiswa aksi kolektif april hidup mahasiswa hidup rakyat indonesia mahasiswamelawan indonesia jokowi perintah tigaperiodendasmu
2022-04-05,hakekatnya cari investor negara jual milu tunda jokowi periode tahun bayang milik syah negeri hak bicara tahan mahasiswa rakyat suara suara
2022-04-05,anggar rp miliar rusun mahasiswa nusantara terap arsitektur tropis langkahuntukpulihkanri
2022-04-05,sedih mahasiswa
2022-04-05,kepala negara bawah mahasiswa rakyat lho lin
2022-04-05,mahasiswa gadungan mahasiswa ndak perilaku mah pasu sakit hati galau sukses perintah
2022-04-05,mahasiswa surabaya adem ayem
2022-04-05,tidaktau engtidak sebenernya kampus buka jalur mandiri non pangkal nalar kayak tidakmungkin kampus tuh pasu besar cm tahun waktu terima mahasiswa pasu besar anak mandiri
2022-04-05,aksi demo jum at april jakarta khabarnya mahasiswa rencana kumat demo senin april dek uji semester kasi ortumu biaya kuliah waspadaprovokasikadrun jan ora pantes
2022-04-05,awas hoax edar hoax sudut perintah timbul pecah mahasiswa masyarakat makan isu hoax tanggung mari waspada hoax waspadaprovokasikadrun
2022-04-05,waspadaprovokasikadrun woiiii mahasewa pintar gblok tolak periode goreng isu bayar bohir demo
2022-04-05,cm semangat mahasiswa moga lelah bayar pahala sukses aamiin
2022-04-05,ngabalin ancam mahasiswa logika presiden tuju laksana milu februari niat jabat periode waspadaprovokasikadrun
2022-04-05,waspadaprovokasikadrun konyol mahasiswa sewa sewa tuntut penting politik bukang rakyat rakyat jadi dagang wahasewa
2022-04-05,mahasiswa aneh pakai ngancam demo nunda milu periode jokowi niat jabat periode tuju laksana milu tunda waspadaprovokasikadrun
2022-04-05,hati waspadaprovokasikadrun adik adik mahasiswa pandai baca situasi politik paham benar bohong hoax mahasiswa waras sinting lawan hoax
2022-04-05,pergi mahasiswa indonesia ln dipajakin uang kirim study naik pajak jual beli beli jual transaksi rumah tanah mobil barang mewah transaksi dapat negara
2022-04-05,kuliah mahasiswa kupu kupu now ketua kelas ketua divisi sekretaris umum ketua laksana dsb ahadeuuu
2022-04-05,paksa kelompok mahasiswa uu milu tuju dpr ri perintah milu pd feb klu dapat orang kelompok beda sah uud uu milu kuat
2022-04-05,ogah mahasiswa nga
2022-04-05,juang hightenchi jilat model si ruhut mulut comberan hati hati bunglon jilat sisa sembunyi got kotak mari doa juang mahasiswa sukses
2022-04-05,gw mah dah hapal laku komennya kaget mahasiswa demo sy
2022-04-05,maklum mahasiswa gaya gaya om
2022-04-05,mahasiswa dodol otak mana yah
2022-04-05,hidup mahasiswa indonesia btw cipta lagu
2022-04-05,tuju mahasiswa otoriter paksa hendak
2022-04-05,pertamax mobil mewah horang kaya pertalite sepeda motor masyarakat banyak mahasiswa demo
2022-04-05,mahasiswa ancam demo jokowi isu tunda milu respon ngabalin waspadaprovokasikadrun
2022-04-05,gugur tes narkoba daftar ulang unsri terima calon mahasiswa cadang
2022-04-05,lawan stigma partisipasi organisasi mahasiswa nirfaedah tiktok instagram tempoindonesiana
2022-04-05,bagus gerak rakyat indonesia lawan kedzaliman anak pki tukang meubel nama sang tipu bangsat dorong kuat mahasiswa pangku tangan kecuali anak pki lawanpki
2022-04-05,senang adik mahasiswa praktikan
2022-04-05,angkat mahasiswa mu
2022-04-05,biar anak muda tua kayak mahasiswa contoh coba jawa nyoba nyalonin blom liat presiden jawa
2022-04-05,tolak wacana periode aliansi mahasiswa ancam gelar demonstrasi besar arrahmahcom
2022-04-05,tangkap nih mahasiswa gadungan
2022-04-05,milih dateng dokter lulus ptn pts gitu lulus ptn bagus lulus pts dosen bangtidakin mahasiswa pts peduli tahu tinggi
2022-04-05,universitas indonesia mahasiswa teliti dibayarin beli sampel dibeliin conference publikasi dibayarin tiket transport hotel ganti akses laboratorium jam izin
2022-04-05,mahasewa tdk wakil mahasiswa indonesia waspadaprovokasikadrun
2022-04-05,umur juang bravo mahasiswa
2022-04-05,ayo kawan kawan mhs gelora lawan masyarakat sipil lawan naik harga agenda tambah jabat periode via amandemen lawan tuanku mahasiswa indonesia
2022-04-05,waspadaprovokasikadrun manusia manusia sampah bangsa maju penting pesan bohir
2022-04-05,maha sewa mahasiswa rental
2022-04-05,waspadaprovokasikadrun presiden jokowi ulang tarik periode
2022-04-05,ancam mahasiswa logika waspadaprovokasikadrun
2022-04-05,hartidak pertamax murah banding hartidak shell mahasiswa jutidak pakai pertamax ogeb santidakt alat bohir bohir mikir pakai otak
2022-04-05,ancam mahasiswa logika waspadaprovokasikadrun
2022-04-05,waspadaprovokasikadrun presiden jokowi ulang tarik periode
2022-04-05,lupa konsentrasi massa sekitar mukim padat duduk mahasiswa rakyat satu bareng gerak
2022-04-05,rencana daftar paralel ui fmipa bop jt up jt bop paralel pilih kelas bop jt kaka mahasiswa ui paralel bantu jawab thankyou cm
2022-04-05,merinding gw denger lagu lantun adik mahasiswa
2022-04-05,demo pesan ngaku ngaku wakil rakyat ngak ngadar aksi bikin resah waspadaprovokasikadrun
2022-04-05,kila esqiela rendira as cjs mahasiswa fakultas hukum cantik eye smile amp manis going to friendly humble perhati
2022-04-05,waspadaprovokasikadrun presiden jokowi tuju milu laksana tahun
2022-04-05,waspadaprovokasikadrun presiden jokowi niat periode
2022-04-05,aksi demo resah masyarakat nekat mah nga otak waspadaprovokasi
2022-04-05,takut jokowi periode semenjak paham radikal berantas kocar kacir tebar tebar hoax fitnah waspadaprovokasi
2022-04-06,mahasiswa tolol pertamax kaya
2022-04-06,gawat jokowi abai tuntut demo mahasiswa via
2022-04-06,wajar negeri import barang saring bubuk teh import ahli mahasiswa demo universitas mentereng bikin sabun
2022-04-06,keren pidato mahasiswa
2022-04-06,inget waktu soehato lengser awal brutalisme mahasiswa trisakti jadi tanda lengser
2022-04-06,mahasiswa juang bela rakyat tega konstitusi halang dukung kuasa oligarki lawanpembajakkonstitusi lawanpembajakkonstitusi
2022-04-06,edom bahan bagus gw evaluasi ajar kadang bumerang ajar siap ngajarnya kadang mahasiswa suka lewat ka komen hehehe
2022-04-06,gubernur diskus mahasiswa protes kait wadas
2022-04-06,demo mahasiswa jawab
2022-04-06,dkv liat mahasiswa santuy stres mikirin design karya sama temen kelas nyari referensi butek enjoy seru eksplor dunia design dunia seni luas
2022-04-06,sabar puasa cuman bilang semangat mahasiswa turun jalan gruduk istana tanggal moga selamat sukses capai tuju
2022-04-06,model mahasiswa bayar otak anjing
2022-04-06,ujung lebaran hotel prodeo makar spt pesta kawin mahasiswa provokasi buruh provokasi provokasi mau negara rusuh
2022-04-06,miris mahasiswa baca informasi tidakmpang hasut iming
2022-04-06,adik mahasiswa hrs paham godok tunda milu gedung dpr salah arah
2022-04-06,dear mahasiswa generasi terus bangsa berfikir jernih bijak aksi mu laku prestasi bangun negeri bangga demo jgn teriak ttg belm dl pd ortu om tante pakdhe budhe ttg
2022-04-06,mahasiswa nunggu lebaran napa puasa nyari pahala knp demo ramadhan
2022-04-06,punten bantu hilang dompet gambar dalam isi ktp sim stnk kartu bpjs kes tk kartu alumni kartu mahasiswa kartu vaksin an yunita nuraini hilang sekitar jl cileuyi rancaekek area rs amc panyawungan galumpit
2022-04-06,nek koe mahasiswa hukum ra ngerti advocatus diaboli devil advocate banget
2022-04-06,admin sucofindo cabang medan terima mahasiswa praktek juli informasi
2022-04-06,ayo rakyat gerak mahasiswa mahasiswi turun pimpin rezim zolim
2022-04-06,hidup mahasiswa ogeb heran gw ormas larang dibiarin indonesia
2022-04-06,mahasewa banyak maen game online kayak ginian frekuensi pks ormas larang kedok agama islam terorisme kedok agama islam proyek bodoh polisi mahasiswa ginian gebukin
2022-04-06,mahasiswa ilmu sosial teliti metode sem alami sulit hrs training coba ajar sem dekat praktis mudah paham info event amp tiket
2022-04-06,cc silah tag akun video baru ttg juang anak bangsa mahasiswa stm emak emak masyarakat rapat baris
2022-04-06,hebat polisi gagah perkasa amp berani super heroik polisi urus urus rakyat urus mahasiswa buruh pokok hajar hajar hajar mati
2022-04-06,demo bareng mahasiswa
2022-04-06,okede mahasiswa lulus make sure lo pikir konseptual batas tekstual bahaya lu lakon sebatidaki advocatus diaboli jutidak gpp ttp rispek mancing dialektika
2022-04-06,rakyat keluh sistem negara bobrok isu tutup keluh rakyat mahasiswa koruptor pelihara beli bokep masalah mending makan ular nonton tv indonesia isi sampah west papua
2022-04-06,ribu mahasiswa kaltim gerak tolak jokowi periode baru gerak jokowi kaltim mahasiswa
2022-04-06,kek kemaren kang coba luhat instagram bangsa mahasiswa situ
2022-04-06,sekolah mahasiswa jerih payah tua sekolah politik luka tinggal salah polisi perintah otak nih mesti cuci pakai rinso biar bersih
2022-04-06,sentil doang dentidakn nyentil bbm turun hartidak bahan pokok turun citra doang kabar april demo mahasiswa panik
2022-04-06,mahasiswa sungguh ironis agama jual didik jual mangkanya anus basedan gubernur gabener jakarta gelar panik demo goreng periode nista agama mahasiswa sadar
2022-04-06,wartawan komandan bilang pukul wartawan bilang ngtidakk yuk rekam jejak digital mahasiswa taskimalaya
2022-04-06,ntar yah bantu pulang dri demo kakek nyangkul dlu situasi lg rumit kakek minyak goreng langka bbm wacana periode trs hembus inkostitusional mahasiswa turun jalan
2022-04-06,mahasiswa sungguh ironis agama jual didik jual mangkanya anus basedan gubernur gabener jakarta gelar panik demo goreng periode nista agama mahasiswa sadar
2022-04-06,ehhh lupa kemarin mahasiswa demo yaaa gimana tuh lanjut netidakra ko pny stasiun tv yaaa
2022-04-06,calon mahasiswa ptn favorit ikut try out smbptn juni digbk dptkan tiket digerailayeez
2022-04-06,ma mahasiswa kayak singa ma opm chicken goodbyejokowi
2022-04-06,jual mati peluk boneka lubis grafura horror horor misteri novel harga dapat produk shopee shopeeid mahasiswa banyuwangi inibeneran belabahasaindonesia mokel ragil opungbiangkerok novel polisi
2022-04-06,mahasiswa sungguh ironis agama jual didik jual mangkanya anus basedan gubernur gabener jakarta gelar panik demo goreng periode nista agama mahasiswa sadar
2022-04-06,tipi isi pamer artis gaya hedon tayang banyak tayang akan negeri lg sj semangat adik mahasiswa
2022-04-06,mahasiswa demo kol detik gga ngeluarin berita berita gin diblow up kocak mank oligarki sistem demokrasi
2022-04-06,taktik jitu redam aksi mahasiswa rakyat cecunguk angkat wacana jabat periode brilian
2022-04-06,mahasiswa bus ngga lulus lulus istilah bun
2022-04-06,mahasiswa sungguh ironis agama jual didik jual mangkanya anus basedan gubernur gabener jakarta gelar panik demo goreng periode nista agama mahasiswa sadar
2022-04-06,bravo mahasiswa
2022-04-06,mahasiswa rakya lawan balas laku polisi senjata kalah hancur
2022-04-06,pakai kip waktu liat zoom kip salah mahasiswa guna kip ambil dokter
2022-04-06,bangkit reformasi jilid ii hidup mahasiswa
2022-04-06,mahasiswa sungguh ironis agama jual didik jual mangkanya anus basedan gubernur gabener jakarta gelar panik demo goreng periode nista agama mahasiswa sadar
2022-04-06,temen temen mahasiswa juang tega adil konstitusi mensupport ejek situ laki
2022-04-06,lockdown mahasiswa dalian senang konser musik adakan panggung buka tonton balkon
2022-04-06,protes rakyat wakil mahasiswa anggap enteng lhoo yaa
2022-04-06,mahasiswa bayar
2022-04-06,mahasiswa bin bem sang bela bohir mahasiswa darurat moral demo apa tulus bohir ksh nasbung lbh mulia lacur hidup anak drpd mahasiswa lacur intelektual nasbung jijik hina dina
2022-04-06,mahasiswa sungguh ironis agama jual didik jual mangkanya anus basedan gubernur gabener jakarta gelar panik demo goreng periode nista agama mahasiswa sadar
2022-04-06,gitu mesti anak ku mahasiswa demo dl presiden dengar eits blm anggap selesai presiden kabar migor kabar bbm kabar ppn kabar ikn tolong tunda tolong hapus presidential threshold deal
2022-04-06,temenku ku ajak debat tetep demo alas solidaritas mahasiswa wkwkkw
2022-04-06,mahasiswa kharisma wibawa
2022-04-06,hebat polisi gagah perkasa berani polisi patriot amp super heroik polisi sungguh duli mo rakyat kek mo mahasiswa kek mo buruh kek pokok hajar babak bur
2022-04-06,iki mesti ora ngalami jaman gelanggang mahasiswa taraweh sholat jum at
2022-04-06,mahasiswa sungguh ironis agama jual didik jual mangkanya anus basedan gubernur gabener jakarta gelar panik demo goreng periode nista agama mahasiswa sadar
2022-04-06,wadas ribut banyak mahasiswa lbh awam nahu sana
2022-04-06,redam aksi mahasiswa rakyat cecunguk angkat wacana jabat periode
2022-04-06,jaman new orde nt susul mahasiswa pns ikut natar
2022-04-06,change is good but it is never easy ganti mahasiswa rapat baris wajar negara demokrasi
2022-04-06,bentar politis pdip setel cangkemnya pihak kpd rakyat wakil mahasiswa ajar aktivis monggo cangkemnya setel
2022-04-06,hadis hadis ramadan allah ganjar puasa sedia exco rohani pimpin satu mahasiswa lantan darul naim perdana ukm sesi universiti bangsa malaysia
2022-04-06,mantap doa baik ade mahasiswa
2022-04-06,halah kompas demo mahasiswa ndak berita
2022-04-06,unjuk mahasiswa depo pertamina kota tasikmalaya rabu april ujung bentrok lawanpembajakkonstitusi lawanpembajakkonstitusi
2022-04-06,aksi represif dr ayom masyarakat trhdp mahasiswa taskimalaya
2022-04-06,cuman terima tugas mahasiswak harga jamin muraaah
2022-04-06,sistematis lini asai kendali hanha upaya kuasa kampus gagal mahasiswa ajar tinggal satu harap ubah arah baik
2022-04-06,ralat mahasiswa mahasewa
2022-04-06,mahasiswa lupa rezim tuntut oposisi mahasiswa lupa rezim reformasi juang reformasi hasil reformasi reaksionis beda dg ideologis
2022-04-06,jual tinggal ajar australia travelling ajar negeri harga dapat produk shopee shopeeid mahasiswa banyuwangi inibeneran belabahasaindonesia mokel ragil opungbiangkerok polisi kembalisilaturahmi
2022-04-06,hidup mahasiswa
2022-04-06,gapapa gw takut asli sisa proses skripsi ngomong tua takut yasudah jalan dana pikir salah mahasiswa halang teliti nunda pandemi
2022-04-06,yah mahasewa ehh mahasiswa ding
2022-04-06,hi kak artikel seru sayang ras mahasiswa ntt hapus esensi cerita tambah stereotipe kelompok jogja laku jahat asal kelompok thx kak
2022-04-06,ui terima mahasiswa jalur tempotekno
2022-04-06,moga tokoh nasional cinta negeri turun saksi demo mahasiswa plus rakyat
2022-04-06,negara merespon gera rakyat kian gera rakyat besar ajak mahasiswa buruh rakyat kota makassar satu konsentrasi kuat titik gera kota makassar
2022-04-06,giat penuh ilmu ramadhan ajar mahasiswa
2022-04-06,forum konsolidasi mahasiswa unhas pintu nol universitas hasanuddin makassar qqihqtizl
2022-04-06,kodran katagorinya sj paham islam hti fpi salaf wahabi pks mui muhammadiyah mama tdk dukung jokowi sbg blog demo mahasiswa blog
2022-04-06,clear gin mahasiswa demo tgl nanti hubung uang bohir luncur demo penuh drama mmng sengsaja mo bikin rusuh
2022-04-06,demo mahasiswa sikap brutal main pentang pentung aje kreator konten bokep wuihhh manis sikap pakai bebas alas mahasiswa
2022-04-06,kodran katagorinya sj paham islam hti fpi salaf wahabi pks mui muhammadiyah mama tdk dukung jokowi sbg blog demo mahasiswa blog
2022-04-06,demo mahasiswa mati demokrasi khilafahajaranislam khilafahajaranislam
2022-04-06,mahasiswa kykx malu bangsa indo
2022-04-06,yuk dek pikir amp dapat kritis dasar data amp analisa bkn dasar kayak amp darimana mahasiswa
2022-04-06,ente mahasiswa thn
2022-04-06,semangat mahasiswa timbul rusuh demo damai pasang kuda sinyal kanan kiri moga hasil do serta mu
2022-04-06,raul dijulidin selamat raul mahasiswa waseda
2022-04-06,mahasiswa stkip biak kunjung kpu biak numfor laku cek data pilih lengkap klik link bawah pemiluserentak temanpemilih kpumelayani kpubiaknumfor cekdatapemilih datapemilihberkelanjutan
2022-04-06,jual seri sejarah orde sejarah indonesia politik perintah dapat produk shopee shopeeid mahasiswa banyuwangi inibeneran belabahasaindonesia mokel ragil opungbiangkerok jokowi ordebaru pakharto soeharto
2022-04-06,siap pilih bem stkip kpu biak numfor fasilitas lantik komisi pilih mahasiswa lengkap klik link bawah pemiluserentak temanpemilih kpumelayani kpubiaknumfor
2022-04-06,sungguh mahasiswa lgi tahan utuh negara hancur generasi bngsa nasib genersi derita ulah oknum rakus haus kuasa
2022-04-06,ken kuliah suka dentidakn rutinitas kuliah konsentrasi ambil suka ribet birokrasi kampus ngurus ina inu pas lulus dosen ngeribetin mahasiswa
2022-04-06,mahasiswa juang turun jln pilih jln spt sdh allah tunjuk al qur an amp hadits nabi zaman menghiduplan ilmu sunnah manah amp kuda smoga asbab dtgnya tolong allah urxmldyt
2022-04-06,tau bem sdh kader parte kuasa abai juang mahasiswa murni lagi
2022-04-06,ipk acu mampu mahasiswa ipk jadi dasar salah evaluasi kuliah
2022-04-06,cerdas tindak adik adi mahasiswa nama people power aksi sifat pure aspirasi maju penting pribadi balik aksi
2022-04-06,demo runtuh perintah mahasiswa blog hti fpi otak pakai sia otak sayang kl cerdas ajar dlm paham hidup
2022-04-06,universitas indonesia universitas ibukota negara pusat ilmu budaya bangsa mahasiswa abdi cita ngejar ilmu pekerti luhur tuk nusa bangsa moga juang ui tahun gaung genderang ui balairung ui agustus
2022-04-06,gila gw mahasiswa cok hahahaha
2022-04-06,mahasiswa arm geruduk boykot
2022-04-06,mahasiswa kui do poso to pakai nama rakyat indonesia rakyat indonesia lbh dr mahasiswa asli deh wakil rakyat indonesia nih
2022-04-06,pekokkkkkk niat demo yoo raa ngono jarene mahasiswa moso koyo preman opo ojo preman yoo
2022-04-06,mind blowing baca dr segi krna liat dr sisi psikologis trs krna mahasiswa psikologi alangkah baik kerjasama paham plsi tindak dr tangkap
2022-04-06,kemarin rabu april aksi mahasiswa depan depo pertamina tasikmalaya bentrok aparat ayom tindak aparat brutal mahasiswamelawan tigaperiodendasmu goodbyejokowi
2022-04-06,mahasiswa pinter mahasewa gobok
2022-04-06,kasi kaya gin puas kelompok ngojok ngojokin mahasiswa aksi ntar gilir bentrok tinggal nikmatin hasil mahasiswa tetep boneka kuasa penting
2022-04-06,warcok warcok mahasiswa demo jalan bilang ganggu hak jalan umum portal
2022-04-06,malu jijik lacur politik ngebuzzer ngefitnah perut lapar serang mantan presiden wapres mahasiswa ulama
2022-04-06,imsak klu jogja bangun jam pagi imsak an enak jam pagi ngantri total bayangin ssaja pasu mahasiswa rata rumah sengssaja jam imsak jabodetabek tuh rada ssaja
2022-04-06,stmik stikes kharisma karawang buka daftar mahasiswa pindah tahun akademik lxqrobdb
2022-04-06,dichatin dosen mulu gitu chatnya tentidakh malem gitu gitu atur dosen chat mahasiswa
2022-04-06,mahasiswa trisakti panas lupa sen posting fb ilang video rupanyaa tambaah semangat ade reformasi jilid mmg jago ayoo turuun smua smoga allah ridho dg juang aamiin
2022-04-06,haha mahasiswa begog suruh gonggong
2022-04-06,selamat juang adik adik mahasiswa besok gilir kuasa diktator koruptor
2022-04-06,mahasiswa pendam tolong aparat jaga saudara mu anak mu insfirasi insfirasi allah selamat mahasiswa dr aniaya amin
2022-04-06,intip aktivitas salat tarawih mahasiswa ntb rusia meksipun konflik rusia ukraina panas umat muslim rusia temu suasana aman the post intip aktivitas salat tarawih mahasiswa
2022-04-06,momentum gera mahasiswa buruh satu
2022-04-06,kfc hcc bgt tdk terima komplain versi budget mahasiswa rantau olive yogya chicken
2022-04-06,dosen kenang mahasiswa
2022-04-06,mahasiswa beringas lebih iblis owe kagak belan nunduk
2022-04-06,gawat jokowi abai tuntut demo mahasiswa
2022-04-06,sok gerak babarengan ulah mahasiswa hungkul geus ka contoan lmun maahasiswa hungkul nu gerak mah babar mundur
2022-04-06,aparat negara tolong jaga mahasiswa insfirasi wakil rakyat indonesia adil sejahtera negara
2022-04-06,bocah adab mahasiswa ngotak
2022-04-06,sbg bas tahun ber himpit an pejal kaki kaffah anut mazhab anti subsidi rasa bagus bangsa negara tuju tdk tuju mahasiswa cengeng tutup
2022-04-06,bola panas bpk bpk tdk jelas amp tegas peryataan bola panas gelinding jngn karna tidak jelas sikap bpk demo mahasiswa henti bola panas situasi gaduh
2022-04-06,mahasiswa
2022-04-06,mahasiswa amp rakyat aceh gerak april tuntut tolak naik bbm tolak panjang jabat amp tolak periode atas langka bbm amp minyak goreng tolak naik ppn juang menang revolusigantipresiden
2022-04-06,woi ginibyak mahasiswa keti
2022-04-06,mahasiswa indonesia amp rakyat rakyat rakyat indonesia ikut aja bodoh era perintah rata makmur
2022-04-06,allah ilah pahala jihad mahasiswa ajar masyarakat jihad maslahat rakyat lurus niat lindung jahat dzalim ridhoi menang juang
2022-04-06,cari informasi seputarubh klik terima mahasiswa klik
2022-04-06,jual campur tangan jin indonesia misteri agama islam harga dapat produk shopee shopeeid mahasiswa banyuwangi inibeneran belabahasaindonesia mokel ragil opungbiangkerok buku misteri jin hantu mistis
2022-04-06,ngapain usik mahasiswa demo negara demokrasi bebas dapat
2022-04-06,manusia bajing anak pribumi nusantara anak indonesia busuk negara sebar bohong mengatasnamakan rezim jokowi boleh liput aksi mahasiswa dunia bangsat
2022-04-06,no salty no salty mata mahasiswa pikir serendah ampun yakalii dah
2022-04-06,dengar nih mahasiswa jokowi tegas periode bodoh hasut petinggi sakit hati
2022-04-06,maret demonstrasi mahasiswa besar istana negara demonstrasi dukung tentara mahasiswa kepung istana presiden tuntut tritura salah satu bubar pki tritura
2022-04-06,demo mrpkn peran mahasiswa baik arah negara tanda cinta negara benci perintah
2022-04-07,mahasiswa sengsara teman sendiri
2022-04-07,ucap selamat calon mahasiswa jatim terima terima khofifah
2022-04-07,mahasiswa tua
2022-04-07,org tua peran damping anak anak paham tuju raih didik ilmu manfaat didik teliti edukasi sosialisasi terus save nkri
2022-04-07,balik sang mahasiswa pemguasa polisi gimana kkkkkkk
2022-04-07,rongsokin aplikasi bank sampah digital gagas mahasiswa its tempotekno
2022-04-07,khofifah bilang manfaat program calon mahasiswa kuliah ptn favorit mana hendak biaya perintah
2022-04-07,mahasiswa kocak li demo juara menteri yasona laoly omnibus law bengong tampang kosong ketua wkwkwkwkwkwk
2022-04-07,mahasiswa demo babi bodoh giring kesa kemari makan beda dg jaman sy mahadiswa cerdas gagah turun maha korup soeharto
2022-04-07,tumben cnn lu dukung napa berita mahasiswa demo diem bae kayak tv swasta
2022-04-07,opung sombong dg gaung periode panjang jabat tuai reaksi masy mahasiswa jgn main api
2022-04-07,pokok cari kambing hitam negara orba sby anies otak cebong becus raja utang junjung tolak waras mentidakuinya mahasiswa goblok buzzerrp lah
2022-04-07,ragu mahasiswa gerak reformasi jilid kecewa perintah jokowi nalar mahasiswamelawan tolakperiode tolakpenundaanpemilu
2022-04-07,pagi budos sks kangen masa mahasiswa
2022-04-07,mahasiwanya atidakmis nih demo imam baliho tuh mahasiswa demo bela atidakma
2022-04-07,mahasiswa lebak tolak tunda milu jokowi periode april presidengaktaudiri
2022-04-07,ruang cocok mahasiswa tuh ruang icu karna tipes teman
2022-04-07,dg kompak mahasiswa
2022-04-07,ati sj tentara cina samar polisi ina demo tdk muka mrk tutup mrk tdk segan bunuh mahasiswa atahu demo
2022-04-07,polisi halang ruang gerak mahasiswa mahasiswa rusuh
2022-04-07,bodoh mahasiswa isu realita angkat aksi
2022-04-07,tumben pinter ngerti sejarah iya bpk dicariin tu mahasiswa
2022-04-07,jakarta penuh aksi demo mahasiswa mahasiswa gerak seru undang aksi mahasiswa salah serta dewan eksekutif mahasiswa guru tinggi agama islam negeri indonesia dema ptkin
2022-04-07,kak makasih bgt adain ga mahasiswa semester lgi garap ta objek skripsi novel the kite runner novel tpi dlm bentuk pdf jdi sakit analisis novel layar gadget blm eye friendly
2022-04-07,fb mahasiswa bumi mesir aktif cocok siiih suka status suka status singkat twitter rata mahasiswa bumi mesir singkat status akal tingkat singkat
2022-04-07,jaman mahasiswa gampang bodohin sodron
2022-04-07,maju mahasiswa hidup mahasiswa
2022-04-07,pantai mertasari mahasiswa poltekpar bal
2022-04-07,anyone kenal mahasiswa uc butuh akses repositorynya pakai ask librarian send request butuh revise proposal
2022-04-07,rakyatbersamamahasiswa mahasiswa dinner
2022-04-07,mahasiswa demo teriak teriak lalu suka tawur ajak diaskusi alias goblok bangsa taruh
2022-04-07,kawan mahasiswa bantuin kak sabilly isi kuesioner teliti judul minat mahasiswa indonesia investasi reksa dana aplikasi bibit yuk moga bantu amal baik terima kawan
2022-04-07,bapaknyaaa cepet datang mahasiswa biji
2022-04-07,alhamdulillah mahasiswa gerak indonesia aamiin rakyatbersamamahasiswa goodbyejokowi
2022-04-07,mahasiswa mata asu mhasiswa htp fpi
2022-04-07,biar tanggal mahasiswa masyarakat larang demo cegat jalan dalih antisipasi covid tingkat
2022-04-07,mahasiswa azhari majazan malam ramadhan mulia playing billyard celana klub asuh xavi pendek asap mulut moga bukn api neraka depan madyafah salah ngaji tholibul ilm kenal mau
2022-04-07,jual jawa jejawen horor horror misteri hantu novel harga dapat produk shopee shopeeid mahasiswa ariefmuhammad playsetan pagiii melayu dukungmahasiswamelawan lawanpembajakkonstitusi jokowi mahasiswa gerak
2022-04-07,besok mahasiswa kampus janji bendemo istana
2022-04-07,mahasiswa mahasewa
2022-04-07,namax aj mahasewa intelektual kykx dualema rebu nasbung lgs berantidakat mahasiswa intelektual
2022-04-07,cm mahasiswa mari gandeng tangan
2022-04-07,pakai baju dinas sensasi beda kek guru mahasiswa
2022-04-07,ngurus netidakra lg waras trun tenangin mahasiswa pecah pala lu
2022-04-07,sekuriti nendang mahasiswa polisi liat gitu
2022-04-07,anak mahasiswa kkb papua tega bunuh sakit anak bangsa
2022-04-07,gimana dapat mahasiswa suka demo
2022-04-07,asrama pku lorong ipb university proudly present juang ptn dunia guru tinggi lohh siap mahasiswa
2022-04-07,suharto kuat periode dentidakn backintidakn jendral tua guling buruh tani mahasiswa jokowi sperti harto cirebon gema turun jokowi turun hartidak bbm dn migor
2022-04-07,jurnalis fokus demo mahasiswa asik main scater
2022-04-07,oiya anjir kemarin disuru nentuin tema masalah problem kampus salah kelompok ngambil judul masalah mahasiswa kuliah gb kait ketidaksetaraan fasilitas salah satu kursi kelas
2022-04-07,berkumpulah ketemu jalan mahasiswa ayo gabung baik negeri
2022-04-07,berita kini trending goodbye jkw dem april mahasiswa melwan tonton video lengkap
2022-04-07,polisi mesti aman mantik demo mahasiswa tunda milu dancvsdowh
2022-04-07,pingin nyari laki ngikuti akun ngikuti akun dua mahasiswa bumi mesir ajar bumi tarim aktis dimedsos
2022-04-07,mahasiswa dongok suplemen sampah azas demokrasi tega konstitusi result doktrinasi kaum halu intoleran negeri
2022-04-07,rakyatbersamamahasiswa pasar angsa duo jambi april datang jokowi tolak mahasiswa rakyatbersamamahasiswa
2022-04-07,jkw takut mafia migor bem gerak mahasiswa letoy cuek anak stm smk turun lg
2022-04-07,moga mahasiswa waras bangun negeri
2022-04-07,alloh lindung negeri ku lindung mahasiswa juang tegak adil bumi sdh pincang sakit adil sdh mati dukungmahasiswamelawan
2022-04-07,janji jokowi kampanye ratus mahasiswa ngiang presiden rakyat rindu demo mahasiswa presidengaktaumalu presidengaktaumalu
2022-04-07,mahasiswa ngerti demo ikut kualitas mahasiswa skrng bikin gemez
2022-04-07,mahasiswa ugm main plecidenan plecidenan mengkoordinir relasi anis spanduk
2022-04-07,demo mahasiswa anggap anggap angin presidengataudiri presidengataudiri
2022-04-07,fahri abang taufiq frekuensi susah jalan tuju mahasiswa bumi mesir malaysia indonesia nyarinya indonesia
2022-04-07,eiiihhhh keren demokrasi zaman jkw ngik mahasiswa paksa bungkam media bungkam rektor tersandra bungkam politis tersandra bungkam rakyat bungkam massal serasa demokrasi ala pki yak ngik malu nambah musnah
2022-04-07,moga jabat aparat nasionalis cinta nkri juang jalan mahasiswa rakyat dukungmahasiswamelawan
2022-04-07,mahasiswa nyata jokowi himbauan jokowi menteri tdk lg bicara tunda milu
2022-04-07,maju mahasiswa dukungmahasiswamelawan
2022-04-07,paham mahasiswa paham sia gelar mahasiswa pikir dangkal simak
2022-04-07,mahasiswa olahraga usk rangka sosialisasi latih dasar wasit juri kabaddi provinsi aceh
2022-04-07,jual acer aspire touch screen harga dapat produk shopee shopeeid mahasiswa ariefmuhammad playsetan pagiii melayu dukungmahasiswamelawan lawanpembajakkonstitusi airlanggasolusiekonomirakyat indonesia
2022-04-07,numpang nanya atidak lenceng dikit tvone nyiarin demo mahasiswa
2022-04-07,tahun jokowi back to campus ugm april masjid kampus penuh mahasiswa desa panggil presiden gemuk nalar
2022-04-07,buzzerp ribu akun ktika juta mahasiswa rakyat turun jalan adil tumpas kuasa oligarki mahasiswamelawan mahasiswatumbangkanjokowi rakyatbersamamahasiswa
2022-04-07,mahasiswa mahasewa simak nih
2022-04-07,dosen sejati motivasi mahasiswa jatuh semangat mahasiswa
2022-04-07,bravo gera mahasiswa
2022-04-07,dosen kertas uas kosong mahasiswa pakai bayclean kertas putih
2022-04-07,mahasewa mahabajingan teriak bak syetan busung lapar mahasiswa omong rakyat spritual goblok jelas rakyat
2022-04-07,jakarta penuh aksi demo mahasiswa
2022-04-07,dalang mahasiswa turun jalan sakit hati karat haus kuasa moga tuhan ampun dosa dosa deh
2022-04-07,koar koar ayo mahasiswa demo mahasiwa wkkk
2022-04-07,jual jalan cinta buya ulama islam tokoh nasional sejarah biografi buya hamka harga dapat produk shopee shopeeid mahasiswa ariefmuhammad playsetan pagiii melayu dukungmahasiswamelawan lawanpembajakkonstitusi
2022-04-07,daftar mahasiswa universitas sultan agung unisula ikut prosedur isi daftar ikut tes hasil tes umum nama tdk lulus tes sedih tdk lanjut kuliah ar
2022-04-07,wk wk wk mahasiswa sok sok blm materi dah demo batalin ajak ddbat tulus demo aib buka sedih kualitas mahasiswa kaya gin covid
2022-04-07,bravo gera mahasiswa inget pesan mbah surip gendong amanat rakyat gendong amanat rakyat gendong amanat rakyat wakeupmorningcall politisipikuntidurlah
2022-04-07,teman teman mahasiswa teman teman hadap fokus kuliah teman teman waktu pecah hadap yuk ikut
2022-04-07,tum muhammadiyah lama ar simpan cerita sedih cita cita capai kisah jamaah pimpin salat tarawih gelanggang mahasiswa ugm sekira tahun an
2022-04-07,asa youtube mahasiswa indonesia india tepat aligarh rame
2022-04-07,rakyat mahasiswa songsong april
2022-04-07,ngerjain tugas semester alhamdulillah buah manis timeline percaya proses amp kencengin ibadah moga allah buka hati sang dospem responsif mahasiswa bimbing
2022-04-07,wkwkwkw mahasiswa koplak
2022-04-07,promo paket wisata pulau ribu jakarta periode lebaran liburanlebaran lebaran mahasiswa jakarta paketliburan promo demomahasiswa ancol dufan bandung jogja puncak dkijakarta pakettourmurah jakartacity
2022-04-07,rakyat mahasiswa rakyatbersamamahasiswa
2022-04-07,jual toshiba satellite cd laptop notebook komputer harga dapat produk shopee shopeeid mahasiswa ariefmuhammad playsetan pagiii melayu dukungmahasiswamelawan lawanpembajakkonstitusi
2022-04-07,mahasiswa koplak
2022-04-07,wkwkwkwkw cm demo mahasiswa koplak papua datang kali afghanistan datang presiden sejati kaleng
2022-04-07,rasa mahasiswa makan uang ceban dngan ekonomi pas kuliah mahal bahan sembako
2022-04-07,cuman si harto presiden takut mahasiswa
2022-04-07,tahun mahasiswa apal lokasi menara sains mana heollll
2022-04-07,dukung juang mahasiswa
2022-04-07,nama mahasewa preman pasar manusia do begal dajjal kunti isi klu mahasiswa asli mikir klu mw demo
2022-04-07,mari dukung aliansi mahasiswa tega adil indonesia nkri harga mati satu tekad satu bangsa indonesia baikk bijak
2022-04-07,otak bolang baleng waktu mahasiswa prodinya tata busana tata boga kale
2022-04-07,smf tuh street man fighter gw senat mahasiswa fakultas
2022-04-07,fungsi wakil rakyat mahasiswa demo andil setidakla putus perintah tuju sidang nuntut jutidak dentidakn solusi jokowi turun wakil sekonyong konyong
2022-04-07,wkwkwkwkw mahasiswa pinter mahasiswa koplak
2022-04-07,mahasiswa bantu malu
2022-04-07,rakyat mahasiswa gabung negri milik rakyat segromolan wakil rakus
2022-04-07,elemen dukung sama aksi mahasiswa
2022-04-07,karna bias ramadhan debat kn komenan situ bilng mahasiswa waras karna demo pertamax mahal
2022-04-07,mahasiswa tu pinter bodoh bs kategori mahasiswa
2022-04-07,mahasiswa
2022-04-07,mahasiswa ntar sssudah sssudah uang sndri mah bodo ama demo kayak gin ngomong bangga gua sssudah lewatin
2022-04-07,bkin heran berita demo mahasiswa masif berita siar televisi nasional dalam takut dg gera takut rakyat gerak
2022-04-07,umur hidup gw sarjana rendah kuli gw temu rendah sarjana ntidaknggur mahasiswa tanggung tua jutidak mahasiswa kejar sarjana jutidak bantu ekonomi tua
2022-04-07,mahasiswa pg paud fkip unilak jual mansusjel samping kampus
2022-04-07,coba deh bareng univ daerah angkat mahasiswa klao anies ceramah
2022-04-07,jambi menghadang metro demo mahasiswa presiden kunjung jambi kau rakyatbersamamahasiswa wa
2022-04-07,ceramah politis jamaah respon politis jutidak mahasiswa pintar bego kyak lu
2022-04-07,ayo mahasiswa juang rakyat rakyatbersamamahasiswa
2022-04-07,mahasiswa psikologi si
2022-04-07,mahasiswa demo bilang akoh mahasiswa iturakyat mahasiswa goe terus bangsa indonesia buzzer rp oiya salah hee
2022-04-07,jaman reformasi lanjuuuttt dek mahasiswa rakyatbersamamahasiswa
2022-04-07,dokumentasi april konsolidasi aksi mahasiswa sekitar jak pus ubk ketemu april lawanpembajakkonstitusi
2022-04-07,jakarta penuh aksi demo mahasiswa
2022-04-07,jokowi taat konstitusi amp uu cermat bolak meme lampir croscek link resmi gugel ala tibakno pkb ta salah tanggung timbul polemik panas goreng kaderun amp beli mahasiswa dukung milu
2022-04-07,hadis hadis ramadan puasa perisai puasa sedia exco rohani pimpin satu mahasiswa lantan darul naim perdana ukm sesi universiti bangsa malaysia hadisramadan perdanaukm perdanadihati
2022-04-07,mahasiswa rakyat sikap lawan bentuk wenang wenang aparat kuasa bebas
2022-04-07,klarifikasi mahasiswa demo april niat tuju turun jokowi presiden sah gembel politik kemarin teriak kencang lengser jokowi takut
2022-04-07,temen mental jauh rugi tweet base gitu mahasiswa hapus file skripsi temennya temennya ngulang bareng mahasiswa
2022-04-07,rawe rawe rantas malang malang putung takut kalang kabut ngibulin rakyat pikir mahasiswa emak emak militan buruh amp tani otak kebo rakyatbersamamahasiswa lengserkanjokowidanpejabatbejat
2022-04-07,ramadan australia mahasiswa indonesia nisrina ikbar wibisono cerita kisah puasa benua kanguru tepat melbourne
2022-04-07,rindu demo demo ngacir presidengaktaudiri presidengaktaudiri
2022-04-07,hidup mahasiswa klian penting tuk rakyat pol penting tuk kuasa atur strategi lapang jngan jebak main kuasa lapang
2022-04-07,mahasiswa demo rakyat lawan mahasiswa anak ingus ngakunya dukung rakyat iya rakyat ngiri prestasi jokowi gagal move on pilpres ulama penjara
2022-04-07,detik teriakin ikut mahasiswa mahasiswa mantap
2022-04-07,presiden didemoin mahasiswa biar dalem istana mikir demo didemoin hadeh
2022-04-07,dukung demo tertib mahasiswa baik bangsa
2022-04-07,den den kau brani cuman cuap ruang coba liatin moncong hidung mahasiswa demo
2022-04-07,yes tsing nalanda mahasiswatuxgqphp
2022-04-07,mahasiswa juang istri anak sodaranya polisi indonesia beli minyak bbm dll harga murah ayom adik mahahasiswa lembut
2022-04-07,mahasiswa ramai dukung maksimal sesuai kapasitas
2022-04-07,kampus mahasiswa kaya indonesia
2022-04-07,mahasiswa disuru dosen nyari disuru nyari solusi
2022-04-07,demo tolak naik bbm puluh mahasiswa blokade jalan utama kabupaten majalengka
2022-04-07,mahasiswa demo akar kambing tidakmbala keren cerita kampus kaya demo omnibus law kemarin
2022-04-07,gitu kaleee suara rakyat tuntut rakyat mekanisme main paksa massa wajar aparat tindak sesuai rule mahasiswa tuh kaum ajar paham atur
2022-04-07,mahasiswa terap amp bagi sombong hasil angka amp huruf nilai
2022-04-08,goyang lubang coba wacana priode tunda milu harga jadi tuh mahasiswa elemen masyarakat turun jalan lawan kuasa biar mrk goyang oleng karam
2022-04-08,semangat kawan kawan mahasiswa
2022-04-08,dukung aksi mahasiswa bela negara
2022-04-08,mahasiswa paham ekonomi kampus bersih nih
2022-04-08,bal provokator bal mahasiswa bal gerak kritik bijak perintah daerah amp pusat mau alias netral mahasiswa netral aksi
2022-04-08,bohong percaya wiranto jamin mahasiswa presiden periode syarat amandemen uud berat mustahil dipermsudah
2022-04-08,suara sesuai sungguh mahasiswa medorong bantu perintah selesai tagih piutang blbi sdg demo dpr perihal uu miskin koruptor mahasiswa posisi hallo
2022-04-08,ank mahasiswa jgn takut pd usaha halang lawan lh mrklah musuh bangsa jilat haus kuasa dewa harta ank turun londo ireng
2022-04-08,mahasiswa agen ubah pasti mahasiswa kek buzzerp piara elite kuasa mahasiswa gerak
2022-04-08,manusia saiya super emosi letup hati damai tulis bgitu kuat tancap doyan ikut cerita dragon ball mahasiswa manusia saiya super
2022-04-08,kerumun mahasiswa kuliah umum universitas sumatera utara usu ganjar idola sahabatganjar
2022-04-08,tolak wacana periode presiden jokowi ribu mahasiswa bogor ancam geruduk istana online
2022-04-08,ajar biar pintar mahasiswa bal gerak silah biar gerak mau paksa dibacking kelompok pro perintah kontra perintah bal mari jaga bal
2022-04-08,korban generasi muda mahasiswa mahasiswa diberakinkoruptor mahasiswa dpr tolakuu miskinkankoruptor diam
2022-04-08,mahasiswa demo dihadang mahasiswa remote duduk manis tertawa kakak bina
2022-04-08,saran polisi minyak goreng turun harga waktu mahasiswa anak stm demo jalan gedung dpr pintu pagar pura pura tutup waktu bpk polisi pura pura tdk gedung dpr uda duduk migor turun hargany
2022-04-08,mahasiswa goblok ntar malu ditvone bingung
2022-04-08,selamat mahasiswa fisip unpas pilih duta sehat indonesia
2022-04-08,wow mahasiswa belanda pilih magang unissula
2022-04-08,selamat mahasiswa fisip unpas pilih duta sehat indonesia
2022-04-08,mahasiswa ikut demo masalah gatau ikut demo konten medsos iiii kodong
2022-04-08,mantap palembang maju adik adik mahasiswa
2022-04-08,ingat gabung twitter harijaditwittersaya selamat kpd ade mahasiswa juang rakyat indonesia
2022-04-08,aparat bunuh resmi dr peerintah jaanan habisin mahasiswa rakyat ngapa ngapain
2022-04-08,trimakasih mahasiswa tasik sdh gerak wakil rakyat masyarakat tasik kota
2022-04-08,mahasiswa laku aksi dorong sepeda motor sindir naik harga langka bbm
2022-04-08,salah pakai setidakla demo bikin macet jalan jantidakn manja mahasiswa beli pertamax pakai pertalite gitu repot beli pertalite angkot
2022-04-08,cm guys dosen tuntut mahasiswa nurut bijak beliau bijak beliau tuh gimana sender frustasi ngehadepin dosen tia
2022-04-08,mahasiswa dr kampus bogor jabar mahasiswa gerak rakyatbersamamahasia
2022-04-08,moga mahasiswa mahasiswa diberakinkoruptor mahasiswa dpr tolakuu miskinkankoruptor
2022-04-08,ok pasang pola habis element bangsa bbersatu mahasiswa buruh emakemak anak stm netijen polisidukunglahmahasiswa jokowiborokreformasi negaraasalkelola rakyatbersamamahasiswa
2022-04-08,korban jatuh buruh mahasiswa rakyat demonstrasi darah air alir juang tolak uu omnibuslaw aktivis rumah tangga penjara tolak uu omnibuslaw perintah geming
2022-04-08,bismillah insya allah tumbang smg suci ramadhan bawa berkah hasil rakyat mahasiswa aamiin
2022-04-08,kirain efek pandemi bang mahasiswa kuliah online berusahahusnuzon
2022-04-08,mahasiswa amp rakyat super prioritas
2022-04-08,mental jilat tumbuh subur negri revolusi lgi rezim silih ganti si londo ireng cokol kuat kuasa gilir kasihan kpd ank mahasiswa demo jilid rela korban nyawa
2022-04-08,mahasiswa mahasiswa diberakinkoruptor mahasiswa dpr tolakuu miskinkankoruptor
2022-04-08,tunggu media baris mahasiswa rakyat
2022-04-08,unjuk gera mahasiswa islam indonesia pmii uin walisongo semarang kantor gubernur jawa tengah ricuh mahasiswa preman demo ampe malam
2022-04-08,mahasiswa gebuk terima uang bohir nanya
2022-04-08,kek mahasiswa tuntut tuh jokowi suruh mundur wacana periode
2022-04-08,rezim lg was masyarakat kritis untung mahasiswa berani suara
2022-04-08,kuat jokowi rakyat mahasiswa
2022-04-08,aksi tolak uu omnibuslaw cipta daerah buruh mahasiswa rakyat tolak demo an perintah geming uu tsb laku tsb nasib aksi april
2022-04-08,males kelas pagi lantai turun tangga lift gabole dipake mahasiswa pdhl mahasiswa jompo akut
2022-04-08,mahasiswa
2022-04-08,mahasiswa kerupuk
2022-04-08,pertamax demo anak mahasiswa goblok ya mudah an pinter
2022-04-08,mahasiswa demo keluarga nonton tv lu kmvred
2022-04-08,tdk misi mahasiswa skarenag bkn lg wakil rakyat ubah mahasewa
2022-04-08,nusantara temu dprd banyumas bupati banyumas tuntut kait isu perintah presiden joko widodo demonstrasi aksimahasiswa
2022-04-08,trimakasih mahasiswa trnyata peduli negri mu bangsa mu rakyat
2022-04-08,wir ngerem gera mahasiswa pulih usus potong kemarin
2022-04-08,politis wakil cok gw rakyat gw tuju sma mahasiswa lu tw susah ny cari uang ribu dlm ny hbis cman beli mnyak goreng
2022-04-08,rencana aksi demo mahasiswa april wiranto undang bem sebut
2022-04-08,gpp nama opini opini beda mahasiswa kritis mahasiswa peka situasi berani dapat
2022-04-08,mahasiswa demo mahasiswa dukung rakyat ingkar aspirasi rakyat demo mahasiswa faktor maju gentar bela bayar waktu bukti
2022-04-08,ha ha ha wk wk wk dendam sakit hati stress berat pecat jabat menko rizalramli ngomporin mahasiswa demo ntar senin jokowi dimannaaaa demo ngaco digebugin tni polri ditangkepin cel polda metro
2022-04-08,mahasiswa beneran golong panasbung pasu nasi buntidakus
2022-04-08,mimpi gagah perkasa gaung makar selubung bijak ajak dn hasut mahasiswa daya mimpi skdr mimpi ilusi halusinasi gila smga sgra bangun polisi msuk jeruji besi
2022-04-08,demo mahasiswa izin besar kasih izin klu kasih izin dibully ma buzzerp seuprit dengar
2022-04-08,bikin tuntut mahasiswa positif gagal turun harga harga agenda dungu turun jokowi mahasiswa gera akan tunggang oposisi jokowi lunak tuntut
2022-04-08,dukung demo dapat situasi negara amburadul semangat mahasiswa
2022-04-08,orasi mahasiswa potong bebek angsa masak kuali gagal ngurus bangsa bohong kesana bohong kesini lalalalalalalaala
2022-04-08,mahasiswa ogeb ssaja ikut ssaja dijadiin bebek kasih cepe ma nasbung mikirrr
2022-04-08,facebook judul buku katalog muat daftar nama mahasiswa dosen univ harvard
2022-04-08,ditangkep drop out tanggung adaaaaa rijik ditangkep bela palagi mahasiswa resiko tanggung
2022-04-08,muda songong bgt mahasiswa demo ngomong toa bawa catat mreka ketawain mahasiswa demo baca singgung mba sblahnya drpd kau baca mba savage love
2022-04-08,ih gapaham bilang mahasiswa kupu kyk suka ngepap lg nongki what is it extro
2022-04-08,selamat juang adik mahasiswa awas susup provokator
2022-04-08,inpicture aksi tuntut turun harga bbm minyak goreng tolak panjang jabat presiden naik ppn kaji ulang rencana pindah kota negara ikn aksimahasiswa
2022-04-08,ceramah depan mahasiswa cocok paham depan dosen ilmu komunikasi jadi bahan teliti komunikasi
2022-04-08,aws min balaikota jakrta duduk mahasiswa balaiko aman jebol hhhhh
2022-04-08,moga mahasiswa ttp semangat
2022-04-08,kakak mahasiswa gausah demo ken liat keren turun lapang ikut plonga plongo ngerti demonstrasi
2022-04-08,mahasiswa keren turun jokxxi antek
2022-04-08,hidup mahasiswa
2022-04-08,mahasiswa pertalite subsidi penuh
2022-04-08,tuh mahasiswa titip absen kayak mba nnton tv pulaaa untung upin ipin
2022-04-08,demo indonesia ade mahasiswa ko tayangin nayanging negara takut
2022-04-08,relate mahasiswa kenal kampus
2022-04-08,kontol video anjing buat hoax kontol anjing usak mahasiswa
2022-04-08,cerdas sandiwara ambil mahasiswa aktif kelompok teater kayak pawang hujan mandalika tuh mental panggung
2022-04-08,gw deket rusia china goyang perintah uang sekutu dikit mahasiswa demo oposan begundal spin doctor ngoceh media case pakistan curiga amerika main bem si demo jokowi turun wiranto bem nusantara
2022-04-08,bupati banyumas achmad husein mahasiswa tolak tunda milu panjang jabat presiden penundaanpemilu
2022-04-08,demo mahasiswa bem si mana mahasiswa gerak daya mediatvbungkam sedih
2022-04-08,mahasiswa ngga amp dengar berita mslh jabat presiden sdh jelas presiden sdh panjang jabat periode larang tri bicara ttg periode issue bikin eneg bahas mulu materi demo bang
2022-04-08,mahasiswa gerak kerdil akan mnjadi kuda tunggang
2022-04-08,singgung gera mahasiswa rocky gerung mahasiswa lebaran ganti presiden online
2022-04-08,bem nusantara mahasiswa jadi coba presiden bem jgn abu jendes
2022-04-08,selamat pagi maaf menggangu kenal mahasiswa angakatn bimbing skripsi lampir draft skripsi bab koreksi bu terimakasih sblmny
2022-04-08,peristiwa jumat tgeavepq
2022-04-08,mahasiswa fokus potong kepala mati ikut dlm gera mahasiswa pemuda kaji latar aksi revolusioner lapang mahasiswa pemuda adlh dobrak beku politik negara dar amat politik
2022-04-08,mahasiswa fokus potong kepala mati ikut dlm gera mahasiswa pemuda kaji latar aksi revolusioner lapang mahasiswa pemuda adlh dobrak beku politik negara dar amat politik
2022-04-08,pripun to ngaten nggih mahasiswa niku pinter topo ngandel nggih
2022-04-08,wir mahasiswa pengtidaktidaks demo pintar erti tingkat percaya sdh pupus gerak ajar baik
2022-04-08,ngga mahasiswa tanggung
2022-04-08,sy asli mahasiswa smt
2022-04-08,tunggu konten toktok kaa ken denger cerita uwu kaka ketemu mahasiswa gentle ngelindungin kaka tengah ramai
2022-04-08,tahun pimpin jokowi gera lengser jokowi amin kok rais madi mahasiswa mahasewa henti taraf gonggong
2022-04-08,mak emak anak mahasiswa gercep jgn anak larut
2022-04-08,wakil mahasiswa ajak ruang adem amakn pulang kasih angklop diem tuju kuasa
2022-04-08,negri tebar janji boong kangen demo mahasiswa bawah bilang blm ijin
2022-04-08,takut wahaiii mahasiswa
2022-04-08,sindrom mahasiswa dokter adl sakit jiwa ssorg mmpelajari sakit amp percaya idap sakit tsb
2022-04-08,gagal thr bieb mahasiswa nda briping bib
2022-04-08,semangat mahasiswa pantang serah
2022-04-08,mudah makar sukses sukses makar thd presiden sah soeharto aamiin mudah provokasi medsosnya gagah tomo provokasi arek arek suroboyo aamiin gaya orde doa jaya mahasiswa
2022-04-08,bem nusantara ap mahasiswa dr universitas nusantara
2022-04-08,kolonel purn sugeng waras ratus purnawirawan tnipjwkidcc
2022-04-08,rencana demo besar mahasiswa ormas amp rakyat indonesia tgl april akibat kecewa rakyat perintah mdhan jadi ajar amp menginatkan jadi bln mai wkt bpk suharto lengser amp gus dur lengser mdhan nkri damai
2022-04-08,sdh rakyatbersamamahasiswa suka suka mahasiswa rakyat amp rakyat sdh pilih mahasiswa rakyatbersamamahasiswa
2022-04-08,pendaftran mahasiswa politeknik uang negara pkn stan buka sabtu bjdqsfirn
2022-04-08,tahun jokowi back to campus ugm april masjid kampus penuh mahasiswa desa panggil presiden gemuk nalar
2022-04-08,iya umur berkah mahasiswa sukses dunia semangat juang bela benar tegak adil mahasiswa gerak
2022-04-08,perintah bikin hidup warga macet mahasiswa
2022-04-08,sejati mahasiswa nama libur istirahat sebentar
2022-04-08,mudah adik mahasiswa sehat
2022-04-08,bakti sosial mahasiswa jakarta bal kantor polisi kronologi
2022-04-08,kemarin perintah tuntut mahasiswa mekar papua
2022-04-08,pgn mahasiswa kupu kupu
2022-04-08,beda juang demokrasi bebas otoriter mahasiswa goblok alat manusia bejad kuasa beda mahasiswa goblok intelek sok pinter mahasewa proyek demo mahasewa bem si otak pantat
2022-04-08,mahasiswa jilat
2022-04-08,mahasiswa negara bicara ilmu tehnologi jebak provokasi ormas larang
2022-04-08,mahasiswa gerak waspada goda materi uang sebar kuasa waspada politik adu domba kuasa satu mahasiswa kalah
2022-04-08,jgn harap mahasiswa dukung wacana periode krna butuh uang beli paket kuota main game juang hak ortunya susah cari uang akibat tidak mampu jokowi jdi pimpin
2022-04-08,mahasiswa jane karepe ngpo kyo mudeng karo politik nganti dema demo blogg
2022-04-08,mahasiswa demo karna masyarakat sengsara ulah oligarki
2022-04-08,bem abal produk perintah mahasiswa
2022-04-08,kk ktetapi ma status mahasiswa pelsajar coba trs daftar gtu mulu pdhl lulus oktober kemarin
2022-04-08,keluar ancam mahasiswa ancam bubar polri halang halang
2022-04-08,hadis hadis ramadan ramadan ramadan hapus dosa sedia exco rohani pimpin satu mahasiswa lantan darul naim perdana ukm sesi universiti bangsa malaysia hadisramadan perdanaukm perdanadihati
2022-04-08,new post kolonel purn sugeng waras ratus purnawirawan tniyratopvw
2022-04-08,berani liput demo mahasiswa liput dea onlyfans goblog
2022-04-08,maju gentar adik mahasiswa patah jari selamat negeri dr tangan haus kuasa merdekaaaa
2022-04-08,tivi mainstream gamau nanyangin berita mahasiswa unjuk mending rame gaush tonton tu tivi biar ratingnya turun sebal
2022-04-08,catat garis tebal polri cc berani bubar gera rakyat mahasiswa kelak polri berantas akar dukung anak komunis pki
2022-04-08,saran ki lurah duduk kantor media kuasa live umum ambil alih perintah rakyat mahasiswa kantor berita siar nama juang sisi sidang istimewa parlemen perintah ambil alih mahasiswa rakyat merdeka
2022-04-08,alhamdulilah sambut mahasiswa indikasi sinyal kang emil jaga jabar lanjut jabar juara tingkat kualitas sdm shg warga jabar scr ekonomi mapan unggul ssdh konsolidasi transformasi politik indonesia juara
2022-04-08,mahasiswa pakai pertamax
2022-04-08,alih opini abur tuntut rakyat mahasiswa basi dangkal
2022-04-08,cuman gelintir mahasiswa tolol
2022-04-08,dapat muka umum lisan tulis jamin konstitusi hak larang dapat
2022-04-08,dar masalah harga minyak perintah jaga stabilitas harga subsidi subsidi beban anggar negara sikap bijak mahasiswa peran
2022-04-08,status doang mahasiswa minus logika bisa demo doang
2022-04-08,revolusioner mahasiswa cendikia buruh element rakyat jelata avanger generasi muda jgn terpa pd persona ubah dasar rusa adlh terap sistem kapitalisme kelola negara gantisistem
2022-04-08,lupa survive mahasiswa
2022-04-08,tahun jokowi back to campus ugm april masjid kampus penuh mahasiswa desa panggil presiden gemuk nalar
2022-04-08,munduuuuuur kendorrr rakyat mahasiswa buruh satu lawan jahat konstitusional
2022-04-08,pinjam mahasiswa tugas nk kene
2022-04-09,umur juang adik adik mahasiswa indonesia runtuh perintah bobrok gagal ngangkat ekonomi lonjakin utang ngibulin rakyat
2022-04-09,rakyat mahasiswa mahasiswa gerak mahasiswa gerak
2022-04-09,ajak demo mahasiswa cerdas sopan intelek bahasa mu butuh mahasiswa cm gerombol mu
2022-04-09,mahasiswa sungguh mahasewa sayabersamajokowi sayabersamajokowi
2022-04-09,siaga gerombol buzzer pusing mahasiswa papar radikalisme mahasiswatumbangkantirani mahasiswatumbangkantirani
2022-04-09,mahasiswa anus bonus lengkuas
2022-04-09,mahasewa mahasiswa
2022-04-09,alhamdulillah alloh lindung selamat juang adik adik mahasiswa moga alloh lindung aamiin rabbal alamin
2022-04-09,pribadi tanggal internet putus facebook tiktok ig blok dlu permerintah mahasiswa gerak mahasiswamelawan mahasiswa rakyatbersamamahasiswa
2022-04-09,mahasiswa kendari gelar aksi bawa ultimatum jokowi mundur lengser
2022-04-09,mahasiswa gerak mahasiswa gerak sisip doa suci penuh hikmah mahasiswa juang
2022-04-09,mahasiswa ngirusin belsajar tong pinter ngurusin naik bahan pokok kaya peduli tua lu tong
2022-04-09,maju apara mahasiswa mositidkpercaya mahasiswa gerak
2022-04-09,akam hadir damping kakak mahasiswa
2022-04-09,mari doa selamat adik mahasiswa mahasiswa gerak mahasiswa gerak
2022-04-09,mahasiswa gerak mahasiswa suruh gerak ujung kuasa tetep parpol
2022-04-09,bangga mahasiswa peduli rakyat susah
2022-04-09,bem si mahasiswa racun mahasewa
2022-04-09,presiden hati hati pilih presiden rakyat sejahtera mahasiswa tuntut ganti ganti konsep
2022-04-09,narasi lengser jokowi bkn mahasiswa gerombol haus kuasa
2022-04-09,akun juang semantidakt ngehoax mudah cek benar note video edar romb mahasiswa tgl
2022-04-09,silaturrahmi mahasiswa senin mahasiswa gerak
2022-04-09,mahasiswa anak buah wiranto dahulu sepakat mendeligitimasi demo
2022-04-09,mah mahasiswa universitas si buta gua hantu
2022-04-09,mahasiswa nuntut turun jokowi sah selancar riak gelombang demo mahasiswa main jempol jari make papan kunci laptop desktop
2022-04-09,sobat pgmi divisi usaha dana ada data milik usaha nih mahasiswadosen pgmi iain salatiga usaha promosi hmps pgmi ini yuk catat timeline syarat daftar manjadawajadda
2022-04-09,mahasiswa demo tolak bbm tolak periode mahasewa demo lengser de jokowi mahasewa sdh alat tumpang gerombol haus kuasa jual agama pantau
2022-04-09,tuntut demo akbar mahasiswa presiden jokowi utama tunda milu panjang jabat presiden demoakbarmahasiswa
2022-04-09,contoh mahasiswa solid serang tolong teman kayak gin kompak jgn biar kawan tangkap teman pukul lari bantu teman satu kompak lawan aparat ajar mahasiswa gerak
2022-04-09,ribu juang nasi bungkus kalie mahasiswa gerak mahasiswa gerak
2022-04-09,tolong mahasiswa kode rahasia biar tahu susup mahasiswa hapalin wsajah wsajah teman teman lapang beda kode basmi
2022-04-09,dosen dosen fakultas ku mahasiswa pakai baju kerah
2022-04-09,mahasiswa kaleng kaleng video distro kereen tiktok
2022-04-09,aprilrakyatgoon mahasiswa gerak rakyat jelata mahasiswa bukti kaum awam dg batas milik politik prinsip harga kaum hormat pandang intelek merdeka
2022-04-09,picu gera mahasiswa lawan oknum coba lawan konstitusi negara panjang jabat presiden periode mahasiswa gerak mahasiswamelawan mahasiswamelawanoligarki indonesia
2022-04-09,merrka mahasiswa tahun angkat yaman program studi pimpin baris sakit hati
2022-04-09,moga intruksi menetea pasu jaga aman tertib hati dg tumpang gelam sengaja bikin rusuh mahasiswa gerak mahasiswa gerak
2022-04-09,ganti tunjuk satuuu negara maju bgt kerja pandemi satuuuuu prestasi adik mahasiswa suka demo
2022-04-09,coba cek deh ori antar falsafah bhinneka tunggal ika teguh handoko toko arjunondhand tokopedia bebas ongkir lho mahasiswa mahasiswa gerak sayabersamajokowi bangun birojomblo dukungmahasiswamelawan cantikkk buku
2022-04-09,semangat adik mahasiswa bangsa pundak putus rantai serakah mahasiswa gerak
2022-04-09,praktikum lapang kadet mahasiswa prodi ikan tangkap poltekhan ben mboi unhan ri belu ntt
2022-04-09,mahasiswa kuda biduk ormas larang ortunya gabung ormas yakkk bertakon takon akutuhh
2022-04-09,demo demo selesai mahasiswa mau dpr demo demo gilir tangkep polisi bilang
2022-04-09,periode tolong suruh luhut buka big data rakyat knp mahasiswa indonesia turun pikir mahasiswa demo mikir yah
2022-04-09,side point interaksi heewoo ciwi tarik beda ciwi beda interaksi bonus joon gi as aa aa maba aka mahasiswa aduuhhhh can wait for the next episode and want more heewoo heeah interaction againmylifeep againmylife leejoongi
2022-04-09,rakyat jerit mahasiswa bangkit mahasiswamelawan
2022-04-09,si qodari suruh pidati depan demo mahasiswa alas jokowi mesti periode ide terima mahasiswa
2022-04-09,sikap indonesia sda amp perang ukraina rusia dorong asing jatuh perintah domestik upaya sambut usaha hitam radikal intoleran amp buru kuasa patut duga mrk alat ajar mahasiswa sayabersamajokowi
2022-04-09,rakyat indonesia figur tokoh karakter pimpin gera mahasiswa buruh rakyat gera hasil duduk mediaomcrzqz
2022-04-09,amn surabaya milik luas m dr tower lantai total kamar amp tampung mahasiswa amn surabaya adopsi konsep arsitektur tropis prinsip bangun gedung hijau sigapmembangunnegeri ck binapenataanbangunan
2022-04-09,mahasiswa gadungan demo wangsat tipu rakyat
2022-04-09,mahasiswa gerak jan man mahasiswa ja dunk serempak asekk
2022-04-09,sayabersamajokowi tdk larang mahasiswa gerak demo silah infrastruktur bangun munafik
2022-04-09,mahasiswa tanding
2022-04-09,haha manusia bodoh ngga kritis maknya bapak mikirin migor pertamax solar langka bahan pokok bela bayar bodoh mahasiswa
2022-04-09,mahasiswa nyuarain hati rakyat hah lu
2022-04-09,pikir mahasiswa demo ayo rakyat indonesia hancur oligarki tamak
2022-04-09,cinta mahasiswa cinta benar jihad jihad tumbang jahat penuh bohong moga alloh swt tuhan maha esa lindung rahmat juang mahasiswa amin amin yaa alloh yaa robbal alamin
2022-04-09,ananda mahasiswa pancing anarkis susup gelap anarko pliharaan wc murni demo sj alhamdulillah tni aman demo antisipasi represif wc korban
2022-04-09,mahasiswa cerdas tolak demo april dukung indonesia maju gilir ruu ampas aset koruptor negara tolak dpr mahasiswa doyan demo mingkem kata bela rakyat mlah bela koruptor
2022-04-09,kpu bawaslu lantik tua bangka rakus gila kuasa gemetar hadap mahasiswa milik bangsa gemetar marah rakyat coba tipu ala kardus gembok
2022-04-09,demo hoaxnya yaa jing mahasiswa nusantara anak didik mahasiswa gerak mahasiswa gerak
2022-04-09,harap mahasiswa depan intelektualitasnya pikir jernih politik suara penting rakyat agen ubah dsb pro kontra nyadar mahasiswa asik
2022-04-09,pikir lang gera reformasi gagal tdk milik konseptor mahasiswa hasil duduk gedung dpr ri pikir cerdas jokowi lengser bs duduk jabat presiden
2022-04-09,mahasiswa demo naik harga pangan butuh ubah revolusioner
2022-04-09,mahasiswa demo naik harga pangan butuh ubah revolusioner
2022-04-09,koq wiranto turun gunung rencana aksi mahasiswa april perintah ekstra perhati
2022-04-09,moga mahasiswa indonesia satu
2022-04-09,luhut big data suara rakyat mahasiswa turun indonesia sembarang
2022-04-09,mahasiswa demo naik harga pangan butuh ubah revolusioner
2022-04-09,mahasiswa mahasewa
2022-04-09,emak emak kawal aksi mahasiswa
2022-04-09,perhatiin komennya ngotot pihak rezim demo mahasiswa kalangkabut cari bahan oceh kaya kerja hari gitu bayar kasihan hidup kaya benalu pohon bentar tumbang nasib gimana
2022-04-09,mahasiswa kayak lulus wisuda kak
2022-04-09,ide bagus neh adik adik mahasiswa
2022-04-09,coba cek deh box maataa berry eye powder drink suplemen vitamin minum toko arjunondhand tokopedia bebas ongkir lho mahasiswa mahasiswa gerak sayabersamajokowi bangun birojomblo dukungmahasiswamelawan cantikkk
2022-04-09,mahasiswa demo naik harga pangan butuh ubah revolusioner
2022-04-09,yayasan lembaga bantu hukum indonesia ylbhi lembaga bantu hukum jakarta lbh jakarta kontras buka posko adu mahasiswa masyarakat umum laku represif demonstrasi april besok
2022-04-09,asrama mahasiswa nusantara amn kota surabaya salah lokasi rencana bangun amn sebar provinsi prakarsa badan intelijen negara bin
2022-04-09,mahasiswa mundur lengser
2022-04-09,mahasiswa hancur boneka oligarki uraaa mahasiswa gerak mahasiswa gerak
2022-04-09,cm kakak kakak maaf liat wisuda trs mahasiswa ngasih sambut mahasiswa beprestasi kah lulus baik makasih soallnya beneran gatau
2022-04-09,rakyat mahasiswa hasil tugas habis buzzer
2022-04-09,mahasiswa demo naik harga pangan butuh ubah revolusioner
2022-04-09,lizal lamli semangat mahasiswa gelal demo aplil belgelak bebas lakyat dal pendelitaan harusnyagini sayabersamajokowi
2022-04-09,semangat juang mahasiswa mahasiswa gerak
2022-04-09,mari gelora even serikat kumpul jalan sekian satu bara bara semangat juang tangan mu mahasiswa amp rakyat milik daulat dikte
2022-04-09,markhyuck local some tweets au perkara kating spam call orangtua salah mahasiswa
2022-04-09,bikin tagar mahasiswa gerak pasuka sapi banyak buahahahahaha
2022-04-09,mahasiswa demo naik harga pangan butuh ubah revolusioner
2022-04-09,mahasiswa ko kibul ama ustad bodoh tolol provokasi kasihan
2022-04-09,salah satu upaya rezim halang masif gera mahasiswa april lawan brenti situ garis finish istana
2022-04-09,jadi ulang acara bakar bakar jarah jarah buat mahasiswa suruh bayar bikin onar
2022-04-09,mahasiswa anak muda mhasiswa umur an umur an waktu jalan jalan kampus bro
2022-04-09,big data suara rakyat periode suara rakyat knp mahasiswa indonesia gerak
2022-04-09,mahasiswa demo naik harga pangan butuh ubah revolusioner
2022-04-09,mahasiswa zaman now
2022-04-09,step pra demo mahasiswa sukses hasil buzzerrp dada minggu pagi biar makan tidakji buta panik panik engtidakk
2022-04-09,keren mah sempat dosen hari kampus usu medan sumatera utara sgt senang baur dg mahasiswa hebat hebat sahabatganjar
2022-04-09,mahasiswa demo naik harga pangan butuh ubah revolusioner
2022-04-09,model mahasiswa sok pinter sok sok suci
2022-04-09,jalur gr dukung nonmuslim enci engko percaya anak ui drpd kuliah ln yah ui posisi mahasiswa prestasi ip tinggi dulunya asai kel tarbiyah skg asai tionghoa
2022-04-09,mahasiswa demo naik harga pangan butuh ubah revolusioner
2022-04-09,puguh mahasiswa ade gw gw nyuruh demo et dah aye ikut sbgai rakyat polisi blum ngopi nih
2022-04-09,bravo mahasiswa mahasiswa gerak
2022-04-09,puasa bkn banyakin kek ibadah baca qur an tikaf dzikir ngajak makar mahasiswa smpe batal puasa gegara helm biar tanggung dosa
2022-04-09,drone emprit demo besok bajak negeri mahasiswa doang mahasiswa milik masadepan mahasiswa emak adik kakak tetangga saudara susah hak suara gerak msdpn
2022-04-09,buruk buruk mahasiswa do kuliah lulus do rakyat ipk nasakom alias nilai koma let go to people power for jokowi
2022-04-09,mahasiswa tukang ngarit tukang gembala kerbau ko mahasiswa kaya kebo halau
2022-04-09,jaman reformasi anak stm ssudah baris demonstrasi mahasiswa ssudah urus ribut neng anak stm semotidak demo adem bentrok fisik sampai dapat didentidakr petinggi netidakra lembatidak
2022-04-09,mari gelora even serikat kumpul jalan sekian satu bara bara semangat juang tangan mu mahasiswa amp rakyat milik daulat dikte
2022-04-09,sedih situasi presiden sdh bilang tdk periode mahasiswa tdk percaya omong sedih moga omong tdk laksana tdk percaya sedih
2022-04-09,demonstrasi mahasiswa gelar daerah agen ubah tuntut perintah henti ketidakadilan bijak naik harga bbm minyak goreng jabat periode
2022-04-09,mahasiswa demo naik harga pangan butuh ubah revolusioner students demonstration of rising food prices need revolutionary changes ayomuhasabahpenguasa mahasiswa gerak negaraasalkelola americasgp
2022-04-09,sayabersamajokowi percaya makan dr hasil uang demo iyu berkah sengsara banyakz mahasiswa otak dpake shameonyoumahasewa
2022-04-09,dzalim curang masive dlm ketar tir jng henti topang dng doa mahasiswa negri merinding
2022-04-09,salah mahasiswa sungkyunkwan university
2022-04-09,mahasiswa zaman now
2022-04-09,tahun mah mahasiswa bandung topbgt
2022-04-09,biar adik mahasiswa demonstrasi izin polisi izin pacar
2022-04-09,mahasiswa bayar fokus tuntut mahasiswa
2022-04-09,anjir asa mahasiswa pakai kaos item mulu
2022-04-09,mahasiswa abadi
2022-04-09,mahasiswa demo naik harga pangan butuh ubah revolusioner serba serbi mmc islam pandang simak lengkap video lupa share luas luas
2022-04-09,mahasiswa tukang coli
2022-04-09,jabat instropeksi juang mahasiswa mahasiswa gerak mahasiswa gerak
2022-04-09,prediksi tni al harap marinir tindak represif mahasiswa masarakat demo
2022-04-09,mahasiswa demo naik harga pangan butuh ubah revolusioner serba serbi mmc islam pandang simak lengkap video lupa share luas luas
2022-04-09,ngga mahasiswa yah besok wkwkwkwkwkwkwkw keparat pusing sundul gan biar pusing sayabersamajokowi sayabersamajokowi sayabersamajokowi sayabersamajokowi sayabersamajokowi
2022-04-09,indonesia masjid nyediain takjil ide nyediain makan buka puasa mahasiswa indonesia masid ssudah nyediain lu solat magrib masjid pas ramadan makan ssudah kayak gin mah indonesia
2022-04-09,anak buah narasi period adlh bentuk demokrasi mahasiswa men demo bijak adlh bentuk demokrasi men demo pimpin sumpah taat konstitusi tolak period adlh bentuk taat konstitusi demo
2022-04-09,menteri bumn erick thohir hadir unipdu jombang buka acara festiv banjar erick thohir tngkt sma derajat jatim ria mahasiswa amp santri erick thohir presiden gema islamic center univ pesantren tinggi darul ulum erickthohirsolusirakyat
2022-04-09,titip adik adik mahasiswa generasi terus bangsa
2022-04-09,waspada aksi demo bem si susup ormas larang picu kacau bahaya belakang aksi demo mahasiswa bem si ormas larang hti fpi pecah belah bangsa indonesia sayabersamajokowi shameonyoumahasewa
2022-04-09,awas propaganda balik rencana aksi mahasiswa bem si belakang aksi ormas larang tindak makar mahasiswa jadi alat politik bohir haus kuasa sayabersamajokowi shameonyoumahasewa
2022-04-09,mahasiswa demo bayar rp ribu netidakra keluar milyaran rupiah pentidakmanan demo sadar dentidakn demo rugi netidakra shameonyoumahasewa
2022-04-09,mahasiswa nurunin gus dur soeharto turun situ bs motor mobil mudah kecuali situ kacung
2022-04-09,mahasiswa goblok gara ribu goblokin
2022-04-09,ayok mahasiswa bangkit mahasiswa gerak mahasiswa gerak
2022-04-09,tumpu harap pundak go mahasiswa
2022-04-09,titip bangsa kolega mahasiswa april bantai cebong daring luring
2022-04-09,la yo mahasiswa yo ojo dungu dungu opo dosen roni yo
2022-04-09,cerdas mahasiswa uki dukung perintah sikap tdk aksi demo april sayabersamajokowi
2022-04-09,smga jam tu mahasiswa so pg tsomo pi mndi
2022-04-09,gusti rupa wae ieu mahasiswa teu boga diri ker ngabela rakyat
2022-04-09,iya mahasiswa cerdas intelektual tinggi noda intelektual bodoh
2022-04-09,bpk luh ut tu kl bangun pagi stres gasih kerja ak kerja mahasiswa doang bangun pagi umpat
2022-04-09,moga lancar jgn keras wakil rakyat indonesia bkn mahasiswa
2022-04-09,ylbhi lbh kontras buka posko bantu hukum andai mahasiswa alami keras demo besok news
2022-04-09,emak bangga gera mahasiswa allahumma yassir wala tu assir semangat juang mahasiswa gerak
2022-04-10,mahasiswa mahasiswa mahasewa sewa main hukum tindas rakyat kerja retas akun postingan ig pres kahar muncul postingan wapres aksi
2022-04-10,mahasiswa mahasewa
2022-04-10,contact person ega haris media partner mediapartnerlpmtransferin tri badan usaha milik mahasiswa bem rdm fh ub
2022-04-10,tri badan usaha milik mahasiswa bem fh ub prouldy presents digital business coaching clinic
2022-04-10,bem si tpi mahasiswa
2022-04-10,ramadhan stop provokasi harap demonstrasi mahasiswa perhati prokes tertib aksi sila larang larang negara demokrasi selasa april
2022-04-10,tuntut stabil harga bbm tolak panjang jabat presiden mahasiswa blokade pantura
2022-04-10,demo april menkopolhukam mahfud md ingat aparat keras awal aksi unjuk mahasiswa aparat polisi keras jaga awal aksi news polisi menkopolhukammahfudmd
2022-04-10,iyaa gag bnyk harap mahasiswa skrng pd nyali generasi manja yaaa
2022-04-10,bbrp bang moga perintah dengar suara mahasiswa
2022-04-10,adik mahasiswa milik rencana demo somasi amp tempuh langkah hukum sebar amp provakor rekam jejak sia energi bangsa rusak negara savenkri
2022-04-10,gabung kelompok mahasiswa ormas serikat buruh sepakat tolak aksi april sayabersamajokowi kitabersamajokowi
2022-04-10,demo april ylbhi ingat aparat skenario chaos warning adik mahasiswa
2022-04-10,hii bantu mahasiswa sosiologi nih lulus yuk dm malu sungkan yaaa
2022-04-10,mantap tunjuk sdh purna adik mahasiswa termotifasi
2022-04-10,aliansi badan eksekutif mahasiswa indonesia bem si rencana gelar aksi unjuk senin ukxemfai
2022-04-10,tangan tangan mahasiswa kayak gin
2022-04-10,dukung adik mahasiswa gerak serempak wakil suara suara rakyat mampet salur perwakilanya mahasiswa gerak mahasiswa gerak
2022-04-10,mahasiswa abadi
2022-04-10,halang tinggal mahasiswa pakai otak dengkul jakarta rusuh rusak ntar dibenerin pakai uang rakyat uang jokowi
2022-04-10,fitnah dentidakn mentidaktakan mahasiswa ditungtidakngi cerdas amp otak otak suka ngomong sembarantidakn amp apatis puja buta dentidakn mahasiswa gerak
2022-04-10,demonstrasi hak politik hak dapat jamin konstitusi lindung uu jenderal andika aparat aman represif hadap aksi mahasiswa pasu tni bko polda polres antisipasi aksi
2022-04-10,jokowi demo mahasiswa adi teriak mana menteri ketua partai lempar wacana panjang jabat presiden
2022-04-10,dah uzur pa hrs nyamar mahasiswa tampil puji peduli nasib sepejuantidakn
2022-04-10,mahasiswa univ skull tinggi sy rekomen sdm undang wawancara calon naker
2022-04-10,heran bilang demo mahasiswa bayar
2022-04-10,buta hati buta piceek kagak baca spanduk bawa mahasiswa demo ntar ganti rezim langaung copot tuh ring jantung
2022-04-10,penetidak hukum tindak mahasiswa dukung aspirasi tumpang tumpang gelap aspirasitanpaprovokasi
2022-04-10,demo mahasiswa pesan dr politikus kotor
2022-04-10,perintah tuntut mahasiswa watimpres wiranto demo ramadhan stop provokasi
2022-04-10,duga si sebar lokasi sidik nomor introgasi inisial asli mahasiswa bidik misi ikut program kampus merdeka
2022-04-10,persis kya gin staten teman katany mahasiswa reformasi
2022-04-10,jokowi tolak panjang jabat presiden aksi mahasiswa murni aspirasi rakyat penting politik ramadhan stop provokasi
2022-04-10,kritik presiden jemput polisi ruslan buton turun aksi mahasiswa tolak jokowi periode
2022-04-10,kak start kygcyviuyc testi bio kak
2022-04-10,mahasiswa pungut nih
2022-04-10,mahasiswa bodoh
2022-04-10,politikus busuk haus kuasa koruptor kedok agama tunggang manfaat aksi demo mahasiswa
2022-04-10,mahasiswa dukung sayabersamajokowi kitabersamajokowi
2022-04-10,demo tolak presiden periode jusuf rizal mahasiswa salah sasar
2022-04-10,mui demo mahasiswa april halang demokrasi
2022-04-10,demo mahasiswa april bicara ruang ramadhan stop provokasi
2022-04-10,kita ultimatum sarang bukti lg nih turun aksi tanding tanggal izin hidup mahasiswa hidup rakyat indonesia
2022-04-10,istana tanggap rencana demo mahasiswa tolak panjang jabat presiden ramadhan stop provokasi
2022-04-10,mahasiswa unsoed terima jalur got malu paham tatacara amandemen uud thir kenthir
2022-04-10,mahasiswa gabung aliansi badan eksekutif mahasiswa indonesia bem si gelar unjuk besar istana negara jakarta senin april besok streaming
2022-04-10,nuduh mahasiswa ngomong cebong tempurung
2022-04-10,rakyat demo mahasiswa mahasewa dim isi produk gagal bemsi sayapercayajokowi sayabersamajokowimantab sayabersamajokowi mahasewamusuhrakyat
2022-04-10,kru selamat kru film hollywood bollywood azab indonesia buat keruh selamat puasa sehat mahasiswa indonesia
2022-04-10,sehat adik mahasiswa gagas baik indonesia sayabersamajokowi
2022-04-10,provokasi dasar hoaks mahasiswa lawan aspirasitanpaprovokasi
2022-04-10,untung jutidak mahasiswa ekekek
2022-04-10,demo mahasiswa makassar dukung emak emak henti nak turun harga minyak rakyatbersamamahasiswa
2022-04-10,waspada gerombol pecat haus kuasa manfaat alat demo mahasiswa sayabersamajokowi nkri harga mati uraaaa
2022-04-10,rakyat demo mahasiswa mahasewa dim isi produk gagal bemsi sayapercayajokowi sayabersamajokowimantab sayabersamajokowi mahasewamusuhrakyat
2022-04-10,tuntut mundur tumpang gelap haus kuasa jelang demo april mahasiswa turun ancam bubar polisi klik baca
2022-04-10,temu lanyalla jenderal andika dukung aparat represif mahasiswa
2022-04-10,nama capek susah fokus mumpung dosen alangkah baik usaha maksimal penuh wajib saudara mahasiswa lulus wisuda
2022-04-10,when uti gw nyalahin mahasiswa demo inget yaa uti cucu mahasiswa anak organisasi enak udel ngatain tolol
2022-04-10,kira tu mahasiswa puasa ngga
2022-04-10,suara mahasiswa panjang presiden periode biar sesuai konstitusi tunda milu baik turun harga butuh masyarakat sesuai masyarakat harap
2022-04-10,dukung penuh mahasiswa rakyat tugas gruduk istana kuasa stasiun tv
2022-04-10,memang mahasiswa goblok presiden tolak nyata sayap gerilya luhut dkk mahasiswa uda ngerti kuasa tolak nyata nyata tdk sayap
2022-04-10,mahasiswa anggap musuh rezim kuasa buzzerp anggap jaga nkri buzzerp pecah belah negeri memutarbalikkan fakta data hoax
2022-04-10,indonesia pada mahasiswa generasi terus bangsa silah demo taat atur
2022-04-10,mahasiswa gerak masyarakat gerak purnawirawan gerak buruh gerak stm gerak lu mah be rak lumahberak
2022-04-10,iki mahasiswa kate demo opo podo kenal eleng koncone wing thn kuliah tekan omah
2022-04-10,fungsi ajar tinggi mahasiswa kepala kau jual murah penting nurani kau bungkam senang senang layak masturbasi ilmu cahaya angkara
2022-04-10,mahasiswa cerdas calon pemimpni
2022-04-10,april menang dasar lempar jaring ultimatum negeri demokrasi tunjuk brapa bnyak sisa buzzer dukung menang hidup mahasiswa hidup rakyat
2022-04-10,istana tanggap rencana demo mahasiswa tolak panjang jabat presiden ramadhan stop provokasi
2022-04-10,rungokno karya mahasiswa universitas ngudi waluyo ungar juara isee film festival
2022-04-10,nanggung mending tar bikin rusak kota jakarta tuntutanya kelas mahasiswa diem ssaja tokoh diem ssaja biar rakyat gerak
2022-04-10,rakyat bnyk dukung demonstrasi mahasiswa wis legowo mending mundur
2022-04-10,mahasiswa pintar ibadah ramadan
2022-04-10,rekrutmen buka staf porseni gama fib pasti gama pesta olahraga seni fib hadir tahun porseni wadah salur minat bakat mahasiswa fib
2022-04-10,rakyat demo mahasiswa mahasewa dim isi produk gagal bemsi sayapercayajokowi sayabersamajokowimantab sayabersamajokowi mahasewamusuhrakyat
2022-04-10,aksi gerak mahasiswa tipi ngeri zaman ye kaan periode turun tikung uraaaaa
2022-04-10,buzzer akun sambat mahasiswa semester wkwkw isi demo ngapain
2022-04-10,moga aspirasi adik mahasiswa gerak besok laksana tertib tdk anarkis aspirasi aspirasitanpaprovokasi
2022-04-10,wiranto temu bem nusantara amat strategi gembos gera mahasiswa
2022-04-10,gus alam sy smp gerombol usung khilafah usaha doktrin dn kader ajar sdh ajar mahasiswa ttp setia dg kelompok pribadi sy sngt harap ulama nu turun selamat generasi
2022-04-10,logika bodoh terima nyata bem nus yaa masyarakat kecoh maaf mahasiswa kecoh jelang tanggal saat marak konsolidasi indonesia muncul postingan instagram korpus demo tanggal batal komentar non aktif
2022-04-10,sayapercayajokowi tuntut mahasiswa tuntut jokowi mundur bkn trmasuk manfaatin amp tunggang baris sakit hati
2022-04-10,sopan ngadrun kasrunkan mahasiswa sepertianya mahasiswa demokrasi bebek ngalor ngalor kabeh ngidul ngidul kabeh
2022-04-10,hadap mahasiswa turun
2022-04-10,gonggong anjeeenk raja bipang cemprenk bau busuk bentar nang raja nyusruk digruduk mahasiswa rakyat
2022-04-10,mahasiswa perg tinggi daftar atw catat
2022-04-10,mahasiswa agen ubah mahasiswa gerak
2022-04-10,salah mahasiswa bodoh catat almamater nuntut tuntut gaje gitu bego
2022-04-10,ajar mahasiswa juang salah korban vtube hahahhaha
2022-04-10,ribu mahasiswa gelar aksi unjuk besar istana negara gambir jakarta pusat besok senin april
2022-04-10,belah bambu prof intel panik begitu mahasiswa muak bijak perintah demo isyu demo mahasiswa cari isyu coba patah demo besok tdk bola salju selesai
2022-04-10,istana tanggap rencana demo mahasiswa tolak panjang jabat presiden ramadhan stop provokasi
2022-04-10,mahasiswa pakai otak logika hrs paham situasi global ngalami jgn jdi sewa bohir begundal politik nyiinyir tanap solusi konkrit jdi manusia pikir cerdas jdi goblok benci
2022-04-10,salah mahasiswa terbungul abad sayabersamajokowi sayabersamajokowi
2022-04-10,netizen curiga bem nusantara alat rezim pecah belah gera mahasiswa
2022-04-10,santidakt gua liat ospek mmemang ngedoktrin glorifikasi mahasiswa agent of change mmemang mending ngerti jutidak option maksa
2022-04-10,ngimpii th rakyat bantu demo mahasiswa tuju
2022-04-10,buzzer provokasi rakyat mahasiswa kait demo april sebar hoax milik akun tangkap bpk ngapain unk mahasiswa bodoh sayabersamajokowi
2022-04-10,mahasiswa mundur demo rakyat ttp maju ngga ngaruh
2022-04-10,mahasiswa demo cabut subsidi pertamax alih barang publik gitu bang
2022-04-10,rakyat demo mahasiswa mahasewa dim isi produk gagal bemsi sayapercayajokowi sayabersamajokowimantab sayabersamajokowi mahasewamusuhrakyat
2022-04-10,demo amp protes situasi bangsa stabil akibat bijak perintah pro rakyat
2022-04-10,mahasiswa buruh betar turun karna buruh rugi barang upah naik
2022-04-10,mahasiswa pa kuli panggul tua amaaat
2022-04-10,rakyat mahasiswa mahasiswa gerak mahasiswa gerak
2022-04-10,dalang aksi bem si april istana negara ruslan buton mantan anggota tni ad pecat hormat jokowi mundur presiden
2022-04-10,rakyat demo mahasiswa mahasewa dim isi produk gagal bemsi sayapercayajokowi sayabersamajokowimantab sayabersamajokowi mahasewamusuhrakyat
2022-04-10,mahasewa mahasiswa baik logika pikir debat kuliah bukti universitas bukti pikir acu bias konfirmasi dasar abai wawas buka tl mu
2022-04-10,tikus tikus istana statemen mahasiswa ajak bicara dalam gedung mudah sudut pilih mahasiswa gerak mahasiswa gerak
2022-04-10,tuju konklusi lingkung sbgai mahasiswa heboh blm lg beberp akun seru hilang stlah cari postingan narasi muncul skarenag sayabersamajokowi trending mostly isi mahasiswa so wdyt
2022-04-10,salut bravo mahasiswa jaga nama mahasiswa
2022-04-10,bikin tanding dukung jokowi turun mahasiswa demo buzzer milik nilai demokrasi teriak nkri pancasilais hidup mahasiswa hidup perempuan indonesia hidup indonesia
2022-04-10,doi kuasa santidakt media jutidak bungkam bbm partai nang hutang bejibun diem bae demo mahasiswa tidakmpang ancam rektor
2022-04-10,moga besok cancel aamiin doa mahasiswa uji besok
2022-04-10,wakil ketua mpr fraksi partai demokrat syarief hasan nilai aksi mahasiswa aksi demo bem si murni aspirasi rakyat mprri
2022-04-10,mahasiswa model bgtu yaa
2022-04-10,why jokowi muncul mahasiswa demo hfft
2022-04-10,narasi unjuk mahasiswa suci efesien ganggu khusyuk ibadah kondisi genting pending agenda santai
2022-04-10,dasar mahasiswa goblok mahasiswa gerak mahasiswa gerak
2022-04-10,mahasewa bkn mahasiswa bikin malu dunia didik
2022-04-10,mahasiswa waras
2022-04-10,lucu deh pikir mahasiswa demo turun bodoh in org bodoh buang energi
2022-04-10,alih isue mas wir bersih selamat cap rezim kodok rakyat cerdas kecuali gembong gerombol cebong sandiwara jabat tdk surut juang adik mahasiswa
2022-04-10,mahasiswa tumbang tirani mahasiswatumbangkantirani mahasiswatumbangkantirani
2022-04-10,rakyat demo mahasiswa mahasewa dim isi produk gagal bemsi sayapercayajokowi sayabersamajokowimantab sayabersamajokowi mahasewamusuhrakyat
2022-04-10,demo motor anak sekolah mahasiswa masyarakat jadi besok pusing untung panglima kemenhan intelijen gacor
2022-04-10,mahasewa demo era pk jokowi mahasiswa demo era suharto beda drun
2022-04-10,akun gerak cepat cap demo mahasiswa ronta cepat merespon paham bhw akun buzzer
2022-04-10,rakyat demo mahasiswa mahasewa dim isi produk gagal bemsi sayapercayajokowi sayabersamajokowimantab sayabersamajokowi mahasewamusuhrakyat
2022-04-10,mahasiswa bantu kuota internet benar gb aspirasitanpaprovokasi
2022-04-10,pecat tri hasut mahasiswa jokowi periode jokowi pribadi tolak konsisten uu negara jabat presiden periode nyata tri dr utus golong partai hrs usut tuntas dalang demo
2022-04-10,waspada mahasiswa mahasewa gerak perintah bohir sayabersamajokowi sayabersamajokowi
2022-04-10,rakyat demo mahasiswa mahasewa dim isi produk gagal bemsi sayapercayajokowi sayabersamajokowimantab sayabersamajokowi mahasewamusuhrakyat
2022-04-10,awas bang brazzer keri nyalahin mahasiswa turun jalan mewek mewek jual nama rakyat
2022-04-10,buntu akal dorong mahasiswa demo sayabersamajokowi sayabersamajokowi
2022-04-10,mahasiswa ajar stm smk madrasah sdh jago game online realtime mahasiswa gerak mahasiswa gerak
2022-04-10,yesss beda situasi dipaksain jutidak beda esensi mahasiswa aspirasitanpaprovokasi
2022-04-10,ya big plan big boss kasi mahasiswa allah habibie
2022-04-10,poin mahasiswa presiden buka rubah konstitusi kait periode jabat presiden amp tuju tunda milu turun harga bbm migor dll
2022-04-10,tempuh madrasah ramadan bangun satu mahasiswa gabung mahasiswa islam malaysia april ramadan gamis madrasahramadan semarakkanibadahsatukanummah
2022-04-10,rezim ssaja mahasiswa gerak kampanye jkw bilang kangen demo upaya kontrol perintah so liat mahasiswa gerak
2022-04-10,cieehhh cieehh harap mahasiswa juang mampus jalan jokowi turun hti amp fpi exis mimpiii harap bangsa rakyat muke lu jaoohh rakyat hti amp fpi sayabersamajokowi sayabersamajokowi
2022-04-10,mahasiswa ip koma
2022-04-10,besar sayang aspirasi tuntut tdk dengar perintah salah buruh tani mahasiswa rakyat depan demo
2022-04-10,lantik sahkan anggota dpr ri mprri darurat sah gera mahasiswa bettujuan bentuk dewan perintah darurat anggota legislatif penghianat amanah rakyat otomatis gugur
2022-04-10,rocky gerung paham mahasiswa kumpul otak kumpul dengkul mahasiswa bujuk kuasa otak otak mahasiswa asai kuasa
2022-04-10,aspirasi mahasiswa perintah tdk narasi dg tindak bantu blt bst aspirasitanpaprovokasi
2022-04-10,kemendikbud langgar uud pasal alas akibat timbul anak smp sd mahasiswa wajib hukum negara derita rakyat menang juang ganti presiden kemendikbud ristek keluar surat
2022-04-10,demo april ketua pbnu dorong tuntut tutup
2022-04-10,unggah demo april batal koordinator bem si ngaku medsos bajak
2022-04-10,lari laku serang sekretariat mahasiswa kendari
2022-04-10,mahfud aman demo april keras respons bem si
2022-04-10,jokowi serang bela pilih luhut
2022-04-10,medsos unggah batal demo april koordinator bem si bajak
2022-04-10,kisah mahasiswa ri puasa prancis tarawih jam malam
2022-04-09,tuksedo studio bal tantang bikin mobil listrik
2022-04-09,disdik bekas larang keras ajar ikut demo april ancam sanksi
2022-04-09,sinopsis again my life drama korea balas dendam lee joon gi tunggu fans
2022-04-09,laku serang sekretariat mahasiswa kendari pakai sajam tangkap
2022-04-09,catat menko polhukam mahasiswa aparat demo april
2022-04-09,drone emprit duga cuit turun jokowi tunggang demo april
2022-04-09,demo mahasiswa april polda lampung aspirasi santun
2022-04-09,bem diy demo titik tolak presiden periode turun bbm
2022-04-09,bem si demo april polda metro pesan
2022-04-09,daftar sekolah dinas resmi buka formasi sedia
2022-04-09,temu lanyalla jenderal andika dukung aparat represif mahasiswa
2022-04-09,mahfud aman demo april keras peluru tajam
2022-04-09,rawan ganjar milenial jateng gelar acara unjuk bakat difabel
2022-04-09,luhut pilih pd nilai marah jokowi sidang kabinet sandiwara
2022-04-09,tolak presiden periode mahasiswa surabaya turun jalan april
2022-04-09,koordinator bem si ngaku akun medsosnya retas jelang demo april
2022-04-09,trisakti tendang presiden mahasiswa demo karyawan kampus
2022-04-09,kuliah ikat dinas sekolah dinas bps cek syarat jadwal
2022-04-09,bem si klaim surati polisi rencana demo april
2022-04-09,resmi buka daftar sekolah dinas
2022-04-09,beasiswa universitas pertamina kuliah gratis plus uang saku
2022-04-09,ancang ancang polisi bubar demo april lapor
2022-04-09,daftar fisip unud zoom meeting
2022-04-09,ramadan taiwan bukber larang ngobrol foto foto
2022-04-09,bem nusantara pilih audiensi ketimbang demo april sikap bem si
2022-04-09,polisi misteri kue bikin pusing siswa gianyar
2022-04-08,suasana ricuh demo mahasiswa tolak jokowi periode semarang
2022-04-08,jabar anggota dprd kuningan maaf gadis tahun lolos unpad
2022-04-08,anggota gerombol bikers rusak motor warga jombang ringkus
2022-04-08,snapshots aksi massa mahasiswa dorong motor kantor ganjar
2022-04-08,jurus pkn stan daftar seleksi sekolah dinas april
2022-04-08,mahasiswa tasikmalaya demo bakar ban tolak jokowi periode
2022-04-08,edar seru demo april bem nusantara pilih jalur audiensi
2022-04-08,sekretariat mahasiswa kendari serang otk pakai sajam luka luka
2022-04-08,demo mahasiswa jalan arah istana bogor kendara
2022-04-08,inovasi kembang karier telkom harga linkedin
2022-04-08,wiranto alas presiden periode
2022-04-08,daftar sekolah dinas syarat dokumen pkn stan stin
2022-04-08,tolak ikn jokowi periode mahasiswa duduk dprd kota tasik
2022-04-08,adi menteri bicara panjang jabat presiden jokowi demo
2022-04-08,kim soo hyun kabar bintang drama korea tulis my love from the star
2022-04-08,tolak harga pertalite massa mahasiswa dorong motor kantor ganjar
2022-04-08,wiranto alas temu bem nusantara kait demo april
2022-04-08,mahasiswa pamekasan demo tolak naik bbm wacana presiden periode
2022-04-08,mahasiswa garut demo naik bbm ancam jakarta gubris
2022-04-08,ubaya sekolah spi harap milenial melek digital
2022-04-08,demo mahasiswa tutup jalan arah istana bogor arus lalin alih
2022-04-08,wiranto temu bem nusantara bahas minyak goreng isu jokowi periode
2022-04-08,mahasiswa garut demo protes bbm mahal harga pangan
2022-04-08,daftar ulang snmptn universitas brawijaya daerah
2022-04-08,bejat mahasiswa jogja perkosa bocah tahun
2022-04-08,mahasiswa bogor tolak presiden periode bbm tutup jalan arah istana
2022-04-08,ramadan tunisia
2022-04-08,mahasiswa makassar turun jalan tolak presiden periode lalin macet
2022-04-08,unsoed resmi prodi magister ilmu politik beasiswa
2022-04-08,sistem gugur pkn stan drop out penuh syarat kelulus
2022-04-08,lolos snmptn unpad siswa tahun cita cita dakwah
2022-04-08,temu fosil dinosaurus mati serang asteroid juta tahun
2022-04-08,polda metro bubar demo april lapor
2022-04-08,hade tahun maziyah sakinah lolos snmptn unpad
2022-04-08,daftar sekolah dinas besok cek skor ambang batas skd
2022-04-08,pemprov jabar kepsek bogor depok cegah siswa aksi april
2022-04-08,top bidang ilmu unair ranking qs wur by subject
2022-04-08,kampus indonesia jurus manajemen baik versi qs rilis
2022-04-08,pkn stan umum kuota mahasiswa
2022-04-08,masjid lomba mtq dunia indonesia
2022-04-08,polisi selidik duga aniaya presiden mahasiswa trisakti
2022-04-08,klik dikdin bkn go id daftar sekolah dinas moga cpns
2022-04-08,ptn baik jurus arsitektur bangun wilayah versi qs wur
2022-04-08,hmi menteri polemik jokowi larang bicara tunda milu
2022-04-08,masjid lomba mtq indonesia dunia
2022-04-08,duduk perkara politeknik sandi negara terima taruna pria
2022-04-08,azan kisah ramadan australia
2022-04-08,aksi mahasiswa makassar tutup jalan nasional tolak wacana presiden periode
2022-04-08,ajar zaky terima dokter unair usia tahun
2022-04-08,hebat kisah zaky islami terima dokter unair usia tahun
2022-04-07,tokoh potensial prediksi ramai pilgub jabar
2022-04-07,cerita fadjroel jokowi setia agenda reformasi jabat presiden periode
2022-04-07,edar seru demo april polda metro terima pemberitahuan
2022-04-07,kapolres janji usut aksi represif anggota demo mahasiswa sukabumi
2022-04-07,latih integrasi taruna wreda nusantara lombok
2022-04-07,mahasiswa unsoed bogor tewas tenggelam curug duwur purbalingga
2022-04-07,mahasiswa sukabumi tuntut polisi usut duga tindak keras
2022-04-07,kunker jokowi jambi sambut demo mahasiswa kasetpres aspirasi
2022-04-07,guru tani ugm prof sri widodo tinggal dunia
2022-04-07,lam fh unsrat sesal rektorat lambat duga dosen cabul mahasiswi
2022-04-07,demo tolak presiden periode mahasiswa makassar sandera truk cekcok motor
2022-04-07,mahasiswa makassar blokade jalan tolak presiden periode
2022-04-07,mahasiswa makassar demo tolak presiden periode tutup jalan bakar ban
2022-04-07,program latih ppsdm migas lampau target triwulan
2022-04-07,biaya kuliah ui reguler bop adil
2022-04-07,rote main bukber tangsel
2022-04-07,bssn alas politeknik sandi negara terima taruna pria
2022-04-07,bem si nilai jokowi tolak tunda milu demo april
2022-04-07,deret remaja mahasiswa muda snmptn
2022-04-07,kunker jokowi jambi sambut ricuh demo mahasiswa
2022-04-07,pakar unair alas maudy ayunda jubir presidensi
2022-04-07,ui buka kursi mahasiswa jalur seleksi
2022-04-07,ramai sorot politeknik sandi negara terima mahasiswa pria
2022-04-07,rahasia remaja tahun lolos snmptn dokter unair
2022-04-07,pancasila ajar wajib sekolah laku juli
2022-04-07,kunker jokowi jambi sambut mahasiswa demo bbm dorong
2022-04-07,kunker jokowi jambi sambut demo mahasiswa
2022-04-07,undip siap kursi tes sbmptn cek jurus favorit
2022-04-07,it telkom surabaya buka beasiswa agama april daftar yuk
2022-04-07,ptn jalur mandiri uang pangkal its ugm
2022-04-07,dukung kembang literasi polda sumsel buka library
2022-04-07,ramadan mahasiswa jember italia buka puasa pilih cireng
2022-04-06,restorative justice jagung henti tuntut curi kdrt
2022-04-06,rencana upn veteran jatim cek informasi
2022-04-06,demo tolak naik pertamax depo pertamina tasik ricuh
2022-04-06,jalur prestasi its buka april daftar pakai kip kuliah
2022-04-06,bahaya lubang jalan srikandi sambangan buleleng
2022-04-06,kenal mati neng eci psk online
2022-04-06,ptn bas seni budaya sbmptn daya tampung
2022-04-06,kelas pesantren jurnalistik buka ramadan buru daftar
2022-04-06,jurus kuliah kait laut ilmu laut oseanografi
2022-04-06,kmhdi perintah antisipasi efek domino pertamax
2022-04-06,mahasiswa muda unair hafizah ratu impi polisi
2022-04-06,beasiswa bus university pgsd
2022-04-06,kres seru buru takjil baby crab kawasan masjid al akbar surabaya
2022-04-06,cicil lampau tembok universitas
2022-04-06,instansi buka daftar sekolah dinas cek syarat rinciannya
2022-04-06,kenal aipda purnomo polisi youtuber rawat odgj gelandang rumah
2022-04-06,link umum snmpn lihat
2022-04-06,brantas abipraya raih harga bidang csr
2022-04-06,narkotika asusila libat anak anak bengkulu tinggi
2022-04-06,mahasiswa rentan kena tuberkulosis pakar uns jelas
2022-04-06,jurus sederhana ubah tampil biar tubuh ramping ideal
2022-04-06,solo technopark gelar content creator competition hadiah juta
2022-04-06,ptn transportasi kampus
2022-04-06,respons setneg mahasiswa ancam demo isu tunda milu
2022-04-06,serta muda lolos snmptn unair hafizah
2022-04-06,cerita ratu aqila serta usia tahun lolos snmptn unair
2022-04-06,freeport bangun pusat sains mitra uncen konsep green building
2022-04-05,apes lelucon april mop maskapai murah thailand anggap hina raja
2022-04-05,canda rk ceramah ugm nolak coblos gimana
2022-04-05,welas asih aipda purnomo polisi lamongan tampung ganggu jiwa
2022-04-05,usaha tambang sultra polisi duga tambang izin
2022-04-05,kisah mita gap year kuliah tahun beasiswa cum laude
2022-04-05,freeport uncen sinergi bangun gedung pusat sains mitra
2022-04-05,jabat presiden periode ridwan kamil
2022-04-05,warga amerika serikat tampil pukau main gamelan montana
2022-04-05,jurus kuliah praktik kelas siswa minat
2022-04-05,dakwa menwa vonis tahun uns lulus
2022-04-05,sandiaga lulus poltekpar serap industri buka usaha
2022-04-05,wow pisau mendiang chef anthony bourdain jual rp miliar
2022-04-05,juang mahasiswi uny jaga toko lulus cumlaude
2022-04-05,remaja gugat subway australia kait janji menghisap darah
2022-04-05,semmi kritik pecat awan idi
2022-04-05,mahasiswa program ajar teknologi goto yabb
2022-04-05,kenal masjid pusdai jabar gaya timur tengah campur sunda
2022-04-05,jatim peringkat siswa snmptn tahun
2022-04-05,daftar smm ptn barat buka informasi lengkap
2022-04-05,setneg tanggap mahasiswa ancam demo imbas isu tunda milu
2022-04-05,itb ma tolak uji materi permen antikekerasan seksual kampus
2022-04-05,sejarah kota malang nama nama juluk
2022-04-05,hafiz quran tahun lolos snmptn unair kejar akhirat dunia ikut
2022-04-05,akun sscasn daftar sekolah dinas
2022-04-05,prospek karier prodi bisnis digital kampus
2022-04-05,universitas negeri program kuliah online tarik
2022-04-05,jalur mandiri pakai kip kuliah sktm ayo daftar
2022-04-05,kisah puasa ramadhan jerman buka pakai nasi kotak
2022-04-05,bongkar lemah disertasi cuci otak idi duga unhas tekan lulus awan
2022-04-05,hmi mahasiswa demo kunjung jokowi jambi
2022-04-05,prof henuk lapor musni umar mahasiswa uic duga hina suku
2022-04-05,alumni itb tingkat kontribusi sosial warga
