date,titles,title_clean
2022-04-10,"Soal Demo 11 April, Ketua PBNU Dorong Tuntutan Disampaikan Tertutup",demo april ketua pbnu dorong tuntut tutup
2022-04-10,"Unggah Demo 11 April Batal, Koordinator BEM SI Ngaku Medsos Dibajak",unggah demo april batal koordinator bem si ngaku medsos bajak
2022-04-10,Akhir Pelarian Pelaku Penyerangan Sekretariat Mahasiswa di Kendari,lari laku serang sekretariat mahasiswa kendari
2022-04-10,"Mahfud Minta Pengamanan Demo 11 April Tanpa Kekerasan, Ini Respons BEM SI",mahfud aman demo april keras respons bem si
2022-04-10,Jokowi Diserang dan Dibela Usai Pilih Luhut Lagi,jokowi serang bela pilih luhut
2022-04-10,"Medsos Unggah Batal Demo 11 April, Koordinator BEM SI: Dibajak",medsos unggah batal demo april koordinator bem si bajak
2022-04-10,"Kisah Mahasiswa RI Puasa di Prancis, Tarawih Jam 11 Malam!",kisah mahasiswa ri puasa prancis tarawih jam malam
2022-04-09,Tuksedo Studio Bali Ditantang Bikin Mobil Listrik,tuksedo studio bal tantang bikin mobil listrik
2022-04-09,"Disdik Bekasi Larang Keras Pelajar Ikuti Demo 11 April, Ancam Beri Sanksi",disdik bekas larang keras ajar ikut demo april ancam sanksi
2022-04-09,"Sinopsis Again My Life, Drakor Balas Dendam Lee Joon Gi yang Ditunggu Fans",sinopsis again my life drama korea balas dendam lee joon gi tunggu fans
2022-04-09,2 Pelaku yang Serang Sekretariat Mahasiswa di Kendari Pakai Sajam Ditangkap,laku serang sekretariat mahasiswa kendari pakai sajam tangkap
2022-04-09,Catatan Menko Polhukam ke Mahasiswa dan Aparat soal Demo 11 April,catat menko polhukam mahasiswa aparat demo april
2022-04-09,Drone Emprit Duga Cuitan 'Turunkan Jokowi' Tunggangi Demo 11 April,drone emprit duga cuit turun jokowi tunggang demo april
2022-04-09,"Demo Mahasiswa 11 April, Polda Lampung: Aspirasi Disampaikan dengan Santun",demo mahasiswa april polda lampung aspirasi santun
2022-04-09,"BEM se-DIY Demo di Titik 0 Km, Tolak Presiden 3 Periode-Turunkan BBM",bem diy demo titik tolak presiden periode turun bbm
2022-04-09,"BEM SI Bakal Demo 11 April, Polda Metro Beri Pesan Ini",bem si demo april polda metro pesan
2022-04-09,"Pendaftaran Sekolah Kedinasan Resmi Dibuka, 7.080 Formasi Tersedia",daftar sekolah dinas resmi buka formasi sedia
2022-04-09,"Temui LaNyalla, Jenderal Andika Dukung Aparat Tak Represif ke Mahasiswa",temu lanyalla jenderal andika dukung aparat represif mahasiswa
2022-04-09,Mahfud Minta Pengamanan Demo 11 April Tanpa Kekerasan-Peluru Tajam!,mahfud aman demo april keras peluru tajam
2022-04-09,Relawan Ganjar Milenial Jateng Gelar Acara Unjuk Bakat bagi Difabel,rawan ganjar milenial jateng gelar acara unjuk bakat difabel
2022-04-09,"Luhut Terpilih Lagi, PD Nilai Marah Jokowi di Sidang Kabinet Sandiwara",luhut pilih pd nilai marah jokowi sidang kabinet sandiwara
2022-04-09,"Tolak Presiden 3 Periode, Mahasiswa Surabaya Siap Turun ke Jalan 11 April",tolak presiden periode mahasiswa surabaya turun jalan april
2022-04-09,Koordinator BEM SI Ngaku Akun Medsosnya Diretas Jelang Demo 11 April,koordinator bem si ngaku akun medsosnya retas jelang demo april
2022-04-09,Trisakti: Penendang Presiden Mahasiswa Saat Demo Bukan Karyawan Kampus,trisakti tendang presiden mahasiswa demo karyawan kampus
2022-04-09,Mau Kuliah Ikatan Dinas di Sekolah Kedinasan BPS? Cek Syarat dan Jadwalnya,kuliah ikat dinas sekolah dinas bps cek syarat jadwal
2022-04-09,BEM SI Klaim Sudah Surati Polisi soal Rencana Demo 11 April,bem si klaim surati polisi rencana demo april
2022-04-09,"Resmi Dibuka, Ini Cara Daftar Sekolah Kedinasan 2022",resmi buka daftar sekolah dinas
2022-04-09,"Beasiswa S1 di Universitas Pertamina, Kuliah Gratis Plus Uang Saku",beasiswa universitas pertamina kuliah gratis plus uang saku
2022-04-09,Ancang-ancang Polisi Bubarkan Demo 11 April Jika Tak Ada Laporan,ancang ancang polisi bubar demo april lapor
2022-04-09,"Siap Siap Daftar FISIP UNUD, Zoom Meeting Dulu",daftar fisip unud zoom meeting
2022-04-09,"Ramadan di Taiwan, Ada Bukber tapi Dilarang Ngobrol dan Foto-foto",ramadan taiwan bukber larang ngobrol foto foto
2022-04-09,"BEM Nusantara Pilih Audiensi Ketimbang Demo 11 April, Ini Sikap BEM SI",bem nusantara pilih audiensi ketimbang demo april sikap bem si
2022-04-09,Polisi Ungkap Misteri Kue yang Bikin Pusing Siswa di Gianyar,polisi misteri kue bikin pusing siswa gianyar
2022-04-08,Suasana Kericuhan Demo Mahasiswa Tolak Jokowi 3 Periode di Semarang,suasana ricuh demo mahasiswa tolak jokowi periode semarang
2022-04-08,Jabar Hari Ini: Anggota DPRD Kuningan Minta Maaf-Gadis 15 Tahun Lolos Unpad,jabar anggota dprd kuningan maaf gadis tahun lolos unpad
2022-04-08,Anggota Gerombolan Bikers yang Rusak Motor Warga Jombang Diringkus,anggota gerombol bikers rusak motor warga jombang ringkus
2022-04-08,Snapshots: Aksi Massa Mahasiswa Dorong Motor ke Kantor Ganjar,snapshots aksi massa mahasiswa dorong motor kantor ganjar
2022-04-08,"Jurusan di PKN STAN, Daftar di Seleksi Sekolah Kedinasan 2022 Mulai 9 April",jurus pkn stan daftar seleksi sekolah dinas april
2022-04-08,Mahasiswa Tasikmalaya Demo-Bakar Ban Tolak Jokowi 3 Periode,mahasiswa tasikmalaya demo bakar ban tolak jokowi periode
2022-04-08,"Beredar Seruan Demo 11 April, BEM Nusantara Pilih Jalur Audiensi",edar seru demo april bem nusantara pilih jalur audiensi
2022-04-08,"Sekretariat Mahasiswa di Kendari Diserang OTK Pakai Sajam, 4 Orang Luka-luka",sekretariat mahasiswa kendari serang otk pakai sajam luka luka
2022-04-08,"Demo Mahasiswa Usai, Jalan Arah Istana Bogor Sudah Bisa Dilalui Kendaraan",demo mahasiswa jalan arah istana bogor kendara
2022-04-08,Inovasi Pengembangan Karier Telkom Dapat Penghargaan dari LinkedIn,inovasi kembang karier telkom harga linkedin
2022-04-08,Wiranto Ungkap 4 Alasan Presiden 3 Periode Tak Akan Terjadi,wiranto alas presiden periode
2022-04-08,Pendaftaran Sekolah Kedinasan 2022: Ini Syarat Dokumen PKN STAN hingga STIN,daftar sekolah dinas syarat dokumen pkn stan stin
2022-04-08,"Tolak IKN-Jokowi 3 Periode, Mahasiswa Sempat Duduki DPRD Kota Tasik",tolak ikn jokowi periode mahasiswa duduk dprd kota tasik
2022-04-08,"Adian: 3 Menteri Bicara Perpanjang Jabatan Presiden, Kenapa Jokowi Didemo?",adi menteri bicara panjang jabat presiden jokowi demo
2022-04-08,Kim Soo Hyun Dikabarkan Bintangi Drakor Baru Penulis My Love From the Star,kim soo hyun kabar bintang drama korea tulis my love from the star
2022-04-08,"Tolak Harga Pertalite Naik, Massa Mahasiswa Dorong Motor ke Kantor Ganjar",tolak harga pertalite massa mahasiswa dorong motor kantor ganjar
2022-04-08,"Wiranto Ungkap Alasan Temui BEM Nusantara, Terkait Demo 11 April?",wiranto alas temu bem nusantara kait demo april
2022-04-08,Mahasiswa Pamekasan Demo Tolak Kenaikan BBM dan Wacana Presiden 3 Periode,mahasiswa pamekasan demo tolak naik bbm wacana presiden periode
2022-04-08,"Mahasiswa Garut Demo Kenaikan BBM, Ancam ke Jakarta Jika Tak Digubris",mahasiswa garut demo naik bbm ancam jakarta gubris
2022-04-08,Ubaya dan Sekolah SPI Harap Milenial Makin Melek Digital,ubaya sekolah spi harap milenial melek digital
2022-04-08,"Demo Mahasiswa Tutup Jalan Arah Istana Bogor, Arus Lalin Dialihkan",demo mahasiswa tutup jalan arah istana bogor arus lalin alih
2022-04-08,Wiranto Bertemu BEM Nusantara Bahas Minyak Goreng-Isu Jokowi 3 Periode,wiranto temu bem nusantara bahas minyak goreng isu jokowi periode
2022-04-08,Mahasiswa Garut Demo Protes BBM Mahal-Harga Pangan Naik,mahasiswa garut demo protes bbm mahal harga pangan
2022-04-08,"Daftar Ulang SNMPTN Universitas Brawijaya Bisa di Daerah Asal, Begini Caranya",daftar ulang snmptn universitas brawijaya daerah
2022-04-08,Bejat! Mahasiswa di Jogja Perkosa Bocah 12 Tahun,bejat mahasiswa jogja perkosa bocah tahun
2022-04-08,"Mahasiswa Bogor Tolak Presiden 3 Periode-BBM Naik, Tutup Jalan Arah Istana",mahasiswa bogor tolak presiden periode bbm tutup jalan arah istana
2022-04-08,Ramadan di Tunisia,ramadan tunisia
2022-04-08,"Mahasiswa Makassar Turun Lagi ke Jalan Tolak Presiden 3 Periode, Lalin Macet",mahasiswa makassar turun jalan tolak presiden periode lalin macet
2022-04-08,"Unsoed Resmikan Prodi Magister Ilmu Politik, Dapat Beasiswa 50%",unsoed resmi prodi magister ilmu politik beasiswa
2022-04-08,"Sistem Gugur di PKN STAN, Drop Out jika Tak Memenuhi Syarat Kelulusan",sistem gugur pkn stan drop out penuh syarat kelulus
2022-04-08,"Lolos SNMPTN 2022 Unpad, Siswa 15 Tahun Ini Bercita-cita Jadi Pendakwah",lolos snmptn unpad siswa tahun cita cita dakwah
2022-04-08,"Ditemukan, Fosil Dinosaurus Mati dalam Serangan Asteroid 66 Juta Tahun Lalu",temu fosil dinosaurus mati serang asteroid juta tahun
2022-04-08,Polda Metro Bakal Bubarkan Demo 11 April Jika Tak Ada Laporan,polda metro bubar demo april lapor
2022-04-08,"Hade! Masih 15 Tahun, Maziyah Sakinah Lolos SNMPTN Unpad",hade tahun maziyah sakinah lolos snmptn unpad
2022-04-08,"Daftar Sekolah Kedinasan Mulai Besok, Cek Skor Ambang Batas SKD",daftar sekolah dinas besok cek skor ambang batas skd
2022-04-08,Pemprov Jabar Minta Kepsek di Bogor-Depok Cegah Siswa Ikut Aksi 11 April,pemprov jabar kepsek bogor depok cegah siswa aksi april
2022-04-08,Top! 8 Bidang Keilmuan Unair Masuk Ranking QS WUR by Subject 2022,top bidang ilmu unair ranking qs wur by subject
2022-04-08,"Ini 5 Kampus Indonesia dengan Jurusan Manajemen Terbaik versi QS, Baru Rilis",kampus indonesia jurus manajemen baik versi qs rilis
2022-04-08,"PKN STAN Umumkan Kuota Mahasiswa Baru 2022, Berapa Jumlahnya?",pkn stan umum kuota mahasiswa
2022-04-08,Ini Masjid Tempat Lomba MTQ Pertama Dunia di Indonesia,masjid lomba mtq dunia indonesia
2022-04-08,Polisi Selidiki Dugaan Penganiayaan Presiden Mahasiswa Trisakti,polisi selidik duga aniaya presiden mahasiswa trisakti
2022-04-08,"Klik dikdin.bkn.go.id untuk Daftar Sekolah Kedinasan 2022, Semoga jadi CPNS",klik dikdin bkn go id daftar sekolah dinas moga cpns
2022-04-08,3 PTN Terbaik Jurusan Arsitektur & Pembangunan Wilayah Versi QS WUR 2022,ptn baik jurus arsitektur bangun wilayah versi qs wur
2022-04-08,HMI Minta Menteri Tak Lagi Berpolemik Usai Jokowi Larang Bicara Tunda Pemilu,hmi menteri polemik jokowi larang bicara tunda milu
2022-04-08,Melihat Masjid Tempat Lomba MTQ Pertama di Indonesia Bahkan Dunia,masjid lomba mtq indonesia dunia
2022-04-08,Duduk Perkara Politeknik Sandi Negara Hanya Terima Taruna Pria,duduk perkara politeknik sandi negara terima taruna pria
2022-04-08,"Tidak Ada Azan, Ini Kisah Ramadan di Australia",azan kisah ramadan australia
2022-04-08,Aksi Mahasiswa Makassar Tutup Jalan Nasional Tolak Wacana Presiden 3 Periode,aksi mahasiswa makassar tutup jalan nasional tolak wacana presiden periode
2022-04-08,Begini Cara Belajar Zaky yang Diterima Kedokteran Unair di Usia 15 Tahun,ajar zaky terima dokter unair usia tahun
2022-04-08,Hebat! Kisah M Zaky Islami Diterima Kedokteran Unair di Usia 15 Tahun,hebat kisah zaky islami terima dokter unair usia tahun
2022-04-07,11 Tokoh Potensial Diprediksi Bakal Ramaikan Pilgub Jabar 2024,tokoh potensial prediksi ramai pilgub jabar
2022-04-07,Cerita Fadjroel soal Jokowi Setia Agenda Reformasi-Jabatan Presiden 2 Periode,cerita fadjroel jokowi setia agenda reformasi jabat presiden periode
2022-04-07,"Beredar Seruan Demo 11 April, Polda Metro Belum Terima Pemberitahuan",edar seru demo april polda metro terima pemberitahuan
2022-04-07,Kapolres Janji Usut Aksi Represif Anggotanya Saat Demo Mahasiswa Sukabumi,kapolres janji usut aksi represif anggota demo mahasiswa sukabumi
2022-04-07,1.200 Orang Ikut Latihan Integrasi Taruna Wreda Nusantara di Lombok,latih integrasi taruna wreda nusantara lombok
2022-04-07,Mahasiswa Unsoed Asal Bogor Tewas Tenggelam di Curug Duwur Purbalingga,mahasiswa unsoed bogor tewas tenggelam curug duwur purbalingga
2022-04-07,Mahasiswa Sukabumi Tuntut Polisi Usut Dugaan Tindak Kekerasan,mahasiswa sukabumi tuntut polisi usut duga tindak keras
2022-04-07,"Kunker Jokowi di Jambi Disambut Demo Mahasiswa, Kasetpres: Itu Aspirasi",kunker jokowi jambi sambut demo mahasiswa kasetpres aspirasi
2022-04-07,Guru Besar Pertanian UGM Prof Sri Widodo Meninggal Dunia,guru tani ugm prof sri widodo tinggal dunia
2022-04-07,LAM FH Unsrat Sesalkan Rektorat Lambat Ungkap Dugaan Dosen Cabuli Mahasiswi,lam fh unsrat sesal rektorat lambat duga dosen cabul mahasiswi
2022-04-07,"Demo Tolak Presiden 3 Periode, Mahasiswa Makassar Sandera Truk-Cekcok Pemotor",demo tolak presiden periode mahasiswa makassar sandera truk cekcok motor
2022-04-07,Mahasiswa di Makassar Blokade Jalan Tolak Presiden 3 Periode,mahasiswa makassar blokade jalan tolak presiden periode
2022-04-07,"Mahasiswa di Makassar Demo Tolak Presiden 3 Periode, Tutup Jalan-Bakar Ban",mahasiswa makassar demo tolak presiden periode tutup jalan bakar ban
2022-04-07,Program Pelatihan PPSDM Migas Lampaui Target di Triwulan I 2022,program latih ppsdm migas lampau target triwulan
2022-04-07,"Biaya Kuliah UI 2022 S1 Reguler, Begini Cara Dapat BOP-Berkeadilan",biaya kuliah ui reguler bop adil
2022-04-07,Ingin ke Rote tapi Belum Sempat? Sini Main dan Bukber ke Tangsel,rote main bukber tangsel
2022-04-07,BSSN Ungkap Alasan Politeknik Sandi Negara Hanya Terima Taruna Pria,bssn alas politeknik sandi negara terima taruna pria
2022-04-07,"BEM SI Nilai Jokowi Tak Tegas Tolak Tunda Pemilu, Akan Demo 11 April",bem si nilai jokowi tolak tunda milu demo april
2022-04-07,"Deretan Remaja yang Jadi Mahasiswa Termuda di SNMPTN 2021-2022, Inilah Mereka",deret remaja mahasiswa muda snmptn
2022-04-07,Saat Kunker Jokowi ke Jambi Disambut Ricuh Demo Mahasiswa,kunker jokowi jambi sambut ricuh demo mahasiswa
2022-04-07,Pakar Unair Jelaskan Alasan Maudy Ayunda Ditunjuk Jadi Jubir Presidensi G20,pakar unair alas maudy ayunda jubir presidensi
2022-04-07,"UI Buka 9.300 Kursi Untuk Mahasiswa Baru 2022, Ini Jalur Seleksinya",ui buka kursi mahasiswa jalur seleksi
2022-04-07,Ramai Sorotan Politeknik Sandi Negara Hanya Terima Mahasiswa Pria,ramai sorot politeknik sandi negara terima mahasiswa pria
2022-04-07,"Rahasia Remaja 15 Tahun Lolos SNMPTN 2022 Kedokteran Unair, Apa Itu?",rahasia remaja tahun lolos snmptn dokter unair
2022-04-07,"Pancasila Jadi Mata Pelajaran Wajib Sekolah, Berlaku Mulai Juli",pancasila ajar wajib sekolah laku juli
2022-04-07,"Kunker Jokowi di Jambi Disambut Mahasiswa Demo BBM, Sempat Saling Dorong",kunker jokowi jambi sambut mahasiswa demo bbm dorong
2022-04-07,Kunker Jokowi ke Jambi Disambut Demo Mahasiswa,kunker jokowi jambi sambut demo mahasiswa
2022-04-07,"Undip Siapkan 34.400 Kursi Untuk Tes SBMPTN 2022, Cek Jurusan Favoritnya",undip siap kursi tes sbmptn cek jurus favorit
2022-04-07,"IT Telkom Surabaya Buka Beasiswa Keagamaan hingga 19 April, Daftar Yuk!",it telkom surabaya buka beasiswa agama april daftar yuk
2022-04-07,"5 PTN dengan Jalur Mandiri tanpa Uang Pangkal, Ada ITS dan UGM",ptn jalur mandiri uang pangkal its ugm
2022-04-07,"Dukung Pengembangan Literasi, Polda Sumsel Buka E-Library",dukung kembang literasi polda sumsel buka library
2022-04-07,"Ramadan Mahasiswa Asal Jember di Italia, Buka Puasa Pilih Cireng",ramadan mahasiswa jember italia buka puasa pilih cireng
2022-04-06,"Restorative Justice, Kejagung Hentikan Penuntutan 14 Kasus Pencurian-KDRT",restorative justice jagung henti tuntut curi kdrt
2022-04-06,Berencana Masuk UPN Veteran Jatim? Cek di Sini Informasinya,rencana upn veteran jatim cek informasi
2022-04-06,Demo Tolak Kenaikan Pertamax di Depo Pertamina Tasik Ricuh,demo tolak naik pertamax depo pertamina tasik ricuh
2022-04-06,"Jalur Prestasi ITS S1 Dibuka 25 April, Bisa Daftar Pakai KIP Kuliah",jalur prestasi its buka april daftar pakai kip kuliah
2022-04-06,"Berbahaya, Banyak Lubang di Jalan Srikandi Sambangan Buleleng",bahaya lubang jalan srikandi sambangan buleleng
2022-04-06,Ada 'Orang Tak Dikenal' di Balik Kematian Neng Eci PSK Online,kenal mati neng eci psk online
2022-04-06,"5 PTN Berbasis Seni Budaya di SBMPTN 2022, Ini Daya Tampungnya",ptn bas seni budaya sbmptn daya tampung
2022-04-06,"Kelas Pesantren Jurnalistik Kembali Dibuka Selama Ramadan, Buruan Daftar!",kelas pesantren jurnalistik buka ramadan buru daftar
2022-04-06,"Jurusan Kuliah terkait Laut, Ada Ilmu Kelautan hingga Oseanografi",jurus kuliah kait laut ilmu laut oseanografi
2022-04-06,KMHDI Minta Pemerintah Antisipasi Efek Domino Pertamax Naik,kmhdi perintah antisipasi efek domino pertamax
2022-04-06,"Jadi Mahasiswa Termuda Unair & Seorang Hafizah, Ratu Punya Impian Jadi Polisi",mahasiswa muda unair hafizah ratu impi polisi
2022-04-06,"Ini 4 Beasiswa BINUS University, Ada Khusus PGSD",beasiswa bus university pgsd
2022-04-06,Kres! Serunya Berburu Takjil Baby Crab di Kawasan Masjid Al Akbar Surabaya,kres seru buru takjil baby crab kawasan masjid al akbar surabaya
2022-04-06,Mencicil Melampaui Tembok Universitas,cicil lampau tembok universitas
2022-04-06,"8 Instansi Buka Pendaftaran Sekolah Kedinasan, Cek Syarat dan Rinciannya!",instansi buka daftar sekolah dinas cek syarat rinciannya
2022-04-06,"Kenalkan Aipda Purnomo, Polisi YouTuber Rawat ODGJ-Gelandangan di Rumahnya",kenal aipda purnomo polisi youtuber rawat odgj gelandang rumah
2022-04-06,"Link Pengumuman SNMPN 2022 http://snmpn.politeknik.or.id/, Ini Cara Lihatnya",link umum snmpn lihat
2022-04-06,Brantas Abipraya Raih Dua Penghargaan di Bidang CSR,brantas abipraya raih harga bidang csr
2022-04-06,Kasus Narkotika dan Asusila Libatkan Anak-anak di Bengkulu Masih Tinggi,narkotika asusila libat anak anak bengkulu tinggi
2022-04-06,Mahasiswa Rentan Terkena Tuberkulosis? Pakar UNS Beri Penjelasan,mahasiswa rentan kena tuberkulosis pakar uns jelas
2022-04-06,3 Jurus Sederhana Ubah Penampilan biar Punya Tubuh Ramping Ideal,jurus sederhana ubah tampil biar tubuh ramping ideal
2022-04-06,"Solo Technopark Gelar Content Creator Competition, Hadiahnya Jutaan",solo technopark gelar content creator competition hadiah juta
2022-04-06,"7 PTN Ini Punya Transportasi Kampus, Sudah Tahu?",ptn transportasi kampus
2022-04-06,Respons Setneg Soal Mahasiswa Ancam Demo Isu Penundaan Pemilu,respons setneg mahasiswa ancam demo isu tunda milu
2022-04-06,Peserta Termuda yang Lolos SNMPTN Unair Juga Seorang Hafizah,serta muda lolos snmptn unair hafizah
2022-04-06,"Cerita Ratu S Aqila, Peserta Berusia 14 Tahun yang Lolos SNMPTN Unair",cerita ratu aqila serta usia tahun lolos snmptn unair
2022-04-06,Freeport akan Bangun Pusat Sains dan Kemitraan di Uncen Konsep Green Building,freeport bangun pusat sains mitra uncen konsep green building
2022-04-05,"Apes, Lelucon April Mop Maskapai Murah Thailand Malah Dianggap Hina Raja",apes lelucon april mop maskapai murah thailand anggap hina raja
2022-04-05,"Canda RK Saat Ceramah di UGM: Nggak Enak Nolak, Kalau Nggak Dicoblos Gimana",canda rk ceramah ugm nolak coblos gimana
2022-04-05,"Welas Asih Aipda Purnomo, Polisi Lamongan yang Tampung Orang Gangguan Jiwa",welas asih aipda purnomo polisi lamongan tampung ganggu jiwa
2022-04-05,2 Perusahaan Tambang di Sultra Dipolisikan Diduga Menambang Tanpa Izin,usaha tambang sultra polisi duga tambang izin
2022-04-05,"Kisah Mita: Gap Year, Kuliah 3 Tahun dengan Beasiswa, dan Cum Laude",kisah mita gap year kuliah tahun beasiswa cum laude
2022-04-05,Freeport & UNCEN Sinergi Bangun Gedung Pusat Sains dan Kemitraan,freeport uncen sinergi bangun gedung pusat sains mitra
2022-04-05,"Ditanya soal Jabatan Presiden 3 Periode, Ini Jawaban Ridwan Kamil",jabat presiden periode ridwan kamil
2022-04-05,Warga Amerika Serikat Tampil Memukau Bermain Gamelan di Montana,warga amerika serikat tampil pukau main gamelan montana
2022-04-05,"Jurusan Kuliah yang Banyak Praktik di Luar Kelas, Siswa Minat?",jurus kuliah praktik kelas siswa minat
2022-04-05,"Terdakwa Kasus Menwa Divonis 2 Tahun, UNS: Keduanya Sudah Lulus",dakwa menwa vonis tahun uns lulus
2022-04-05,"Sandiaga: 70% Lulusan Poltekpar Terserap Industri, 30% Buka Usaha",sandiaga lulus poltekpar serap industri buka usaha
2022-04-05,"Wow! Pisau Mendiang Chef Anthony Bourdain Terjual Rp 3,3 Miliar",wow pisau mendiang chef anthony bourdain jual rp miliar
2022-04-05,"Perjuangan Mahasiswi UNY, dari Penjaga Toko Kini Lulus Cumlaude-Lanjut S2",juang mahasiswi uny jaga toko lulus cumlaude
2022-04-05,Seorang Remaja Menggugat Subway di Australia Terkait Perjanjian Kerja 'Menghisap Darah',remaja gugat subway australia kait janji menghisap darah
2022-04-05,SEMMI Kritik Pemecatan Terawan oleh IDI,semmi kritik pecat awan idi
2022-04-05,1.200 Mahasiswa Ikut Program Pembelajaran Teknologi dari GoTo-YABB,mahasiswa program ajar teknologi goto yabb
2022-04-05,"Mengenal Masjid Pusdai Jabar, Bergaya Timur Tengah Campur Sunda",kenal masjid pusdai jabar gaya timur tengah campur sunda
2022-04-05,Jatim Peringkat Pertama Siswa Terbanyak Masuk SNMPTN 3 Tahun Berturut-turut,jatim peringkat siswa snmptn tahun
2022-04-05,Pendaftaran SMM PTN-Barat 2022 Dibuka! Ini Informasi Lengkapnya,daftar smm ptn barat buka informasi lengkap
2022-04-05,Setneg Tanggapi Mahasiswa Ancam Demo Besar Imbas Isu Penundaan Pemilu,setneg tanggap mahasiswa ancam demo imbas isu tunda milu
2022-04-05,KM ITB Minta MA Tolak Uji Materi Permen Antikekerasan Seksual Kampus,itb ma tolak uji materi permen antikekerasan seksual kampus
2022-04-05,Sejarah Kota Malang dan Nama-nama Julukannya,sejarah kota malang nama nama juluk
2022-04-05,"Hafiz Quran 14 Tahun Lolos SNMPTN Unair: ""Kejar Akhirat Dunia Mengikuti""",hafiz quran tahun lolos snmptn unair kejar akhirat dunia ikut
2022-04-05,Ini Cara Membuat Akun SSCASN untuk Daftar Sekolah Kedinasan 2022,akun sscasn daftar sekolah dinas
2022-04-05,"14 Prospek Karier Prodi Bisnis Digital, Ada di Kampus Apa Saja?",prospek karier prodi bisnis digital kampus
2022-04-05,"5 Universitas Luar Negeri Ini Punya Program Kuliah Online, Kamu Tertarik?",universitas negeri program kuliah online tarik
2022-04-05,"Jalur Mandiri yang Bisa Pakai KIP Kuliah hingga SKTM, Ayo Daftar!",jalur mandiri pakai kip kuliah sktm ayo daftar
2022-04-05,"Kisah Puasa Ramadhan di Jerman, Berbuka Pakai Nasi Kotak",kisah puasa ramadhan jerman buka pakai nasi kotak
2022-04-05,"Bongkar Kelemahan Disertasi 'Cuci Otak', IDI Duga Unhas Ditekan Luluskan Terawan",bongkar lemah disertasi cuci otak idi duga unhas tekan lulus awan
2022-04-05,HMI-Mahasiswa Akan Demo saat Kunjungan Kerja Jokowi ke Jambi,hmi mahasiswa demo kunjung jokowi jambi
2022-04-05,Prof Henuk Bakal Laporkan Musni Umar-Mahasiswa UIC Atas Dugaan Penghinaan Suku,prof henuk lapor musni umar mahasiswa uic duga hina suku
2022-04-05,Ini Cara Alumni ITB Tingkatkan Kontribusi Sosial ke Warga,alumni itb tingkat kontribusi sosial warga
